"Title,Type,Genre,Release Year,Rating,Duration,Country"
"Title 1,TV Show,Comedy,1955,PG,3 Seasons,Japan"
"Title 2,TV Show,Horror,2020,G,3 Seasons,India"
"Title 3,TV Show,Action,1966,TV-PG,140 min,United States"
"Title 4,Movie,Thriller,2011,PG-13,3 Seasons,Canada"
"Title 5,TV Show,Romance,1959,TV-14,172 min,India"
"Title 6,Movie,Action,2007,PG-13,3 Seasons,Japan"
"Title 7,Movie,Romance,1977,TV-14,68 min,United States"
"Title 8,Movie,Comedy,1971,TV-PG,104 min,Japan"
"Title 9,Movie,Drama,2000,PG-13,2 Seasons,Canada"
"Title 10,Movie,Thriller,1975,TV-MA,1 Seasons,India"
"Title 11,TV Show,Romance,2021,TV-14,139 min,Australia"
"Title 12,TV Show,Action,1986,PG-13,85 min,Germany"
"Title 13,Movie,Documentary,1997,R,129 min,Australia"
"Title 14,Movie,Sci-Fi,1986,TV-PG,129 min,Germany"
"Title 15,TV Show,Documentary,1994,PG-13,3 Seasons,Canada"
"Title 16,TV Show,Horror,1996,TV-MA,107 min,Japan"
"Title 17,Movie,Comedy,1969,TV-PG,1 Seasons,United Kingdom"
"Title 18,TV Show,Drama,1983,G,147 min,South Korea"
"Title 19,Movie,Romance,2011,G,1 Seasons,United Kingdom"
"Title 20,Movie,Romance,2023,R,1 Seasons,United Kingdom"
"Title 21,TV Show,Sci-Fi,1993,G,120 min,Australia"
"Title 22,TV Show,Drama,1968,R,2 Seasons,Germany"
"Title 23,Movie,Drama,2023,TV-PG,3 Seasons,United Kingdom"
"Title 24,Movie,Comedy,1965,R,115 min,United States"
"Title 25,TV Show,Sci-Fi,1991,TV-MA,1 Seasons,Australia"
"Title 26,TV Show,Romance,1997,R,2 Seasons,United States"
"Title 27,Movie,Drama,2004,TV-PG,164 min,Japan"
"Title 28,TV Show,Horror,1952,PG-13,175 min,United States"
"Title 29,Movie,Thriller,1969,TV-MA,68 min,India"
"Title 30,TV Show,Comedy,1955,PG,78 min,Canada"
"Title 31,Movie,Horror,1992,TV-MA,2 Seasons,Australia"
"Title 32,TV Show,Horror,1989,TV-MA,2 Seasons,United States"
"Title 33,Movie,Documentary,1975,TV-MA,3 Seasons,Japan"
"Title 34,TV Show,Thriller,1996,TV-14,1 Seasons,Canada"
"Title 35,Movie,Thriller,2019,TV-PG,2 Seasons,Canada"
"Title 36,Movie,Documentary,1999,PG-13,88 min,United States"
"Title 37,Movie,Comedy,1964,TV-PG,133 min,United Kingdom"
"Title 38,Movie,Action,2003,TV-MA,156 min,Australia"
"Title 39,TV Show,Documentary,2000,PG,3 Seasons,Japan"
"Title 40,Movie,Comedy,1989,TV-14,2 Seasons,United Kingdom"
"Title 41,Movie,Documentary,1971,PG-13,1 Seasons,Germany"
"Title 42,TV Show,Horror,1981,TV-PG,2 Seasons,Japan"
"Title 43,Movie,Horror,2012,TV-MA,141 min,India"
"Title 44,Movie,Comedy,1955,G,1 Seasons,Germany"
"Title 45,TV Show,Comedy,1959,TV-PG,76 min,United States"
"Title 46,TV Show,Sci-Fi,1961,TV-MA,2 Seasons,Australia"
"Title 47,TV Show,Thriller,1996,G,130 min,United States"
"Title 48,TV Show,Thriller,1967,R,67 min,Germany"
"Title 49,TV Show,Documentary,1973,PG,3 Seasons,United Kingdom"
"Title 50,TV Show,Comedy,1965,TV-PG,2 Seasons,India"
"Title 51,TV Show,Drama,1969,G,3 Seasons,Japan"
"Title 52,Movie,Documentary,1980,PG,140 min,Japan"
"Title 53,TV Show,Drama,1989,R,2 Seasons,India"
"Title 54,TV Show,Documentary,1964,PG,3 Seasons,Germany"
"Title 55,TV Show,Thriller,2018,TV-MA,128 min,Japan"
"Title 56,TV Show,Horror,1952,PG,97 min,South Korea"
"Title 57,Movie,Drama,2016,TV-14,2 Seasons,Germany"
"Title 58,TV Show,Horror,1965,TV-PG,1 Seasons,India"
"Title 59,Movie,Romance,2020,R,3 Seasons,Germany"
"Title 60,Movie,Documentary,2016,R,2 Seasons,South Korea"
"Title 61,TV Show,Romance,2014,TV-PG,3 Seasons,Canada"
"Title 62,TV Show,Thriller,2005,PG,2 Seasons,United Kingdom"
"Title 63,TV Show,Comedy,1970,PG-13,169 min,India"
"Title 64,Movie,Romance,1961,PG-13,3 Seasons,United Kingdom"
"Title 65,Movie,Romance,1960,TV-PG,137 min,Australia"
"Title 66,TV Show,Comedy,1968,R,3 Seasons,Japan"
"Title 67,Movie,Documentary,1952,TV-MA,3 Seasons,United Kingdom"
"Title 68,TV Show,Comedy,2001,TV-14,166 min,Japan"
"Title 69,TV Show,Action,2015,TV-PG,2 Seasons,Germany"
"Title 70,TV Show,Sci-Fi,1981,TV-MA,66 min,United States"
"Title 71,Movie,Horror,2018,TV-14,89 min,Germany"
"Title 72,Movie,Romance,1965,PG-13,140 min,Germany"
"Title 73,Movie,Thriller,2000,TV-PG,174 min,India"
"Title 74,TV Show,Sci-Fi,1954,TV-MA,175 min,United States"
"Title 75,TV Show,Horror,1967,PG-13,1 Seasons,India"
"Title 76,Movie,Action,1962,G,72 min,United Kingdom"
"Title 77,Movie,Comedy,1995,PG,147 min,Japan"
"Title 78,TV Show,Drama,1954,R,1 Seasons,Germany"
"Title 79,TV Show,Action,2006,PG-13,174 min,United States"
"Title 80,TV Show,Drama,1975,PG-13,138 min,United States"
"Title 81,TV Show,Drama,1974,TV-14,3 Seasons,Japan"
"Title 82,TV Show,Comedy,1963,R,143 min,Australia"
"Title 83,Movie,Sci-Fi,1962,R,86 min,Australia"
"Title 84,Movie,Action,1992,R,168 min,United States"
"Title 85,TV Show,Sci-Fi,1950,TV-14,3 Seasons,India"
"Title 86,TV Show,Drama,2002,TV-MA,2 Seasons,United States"
"Title 87,TV Show,Documentary,1988,TV-MA,108 min,Germany"
"Title 88,TV Show,Thriller,1961,TV-14,86 min,United States"
"Title 89,Movie,Documentary,1951,R,3 Seasons,United Kingdom"
"Title 90,TV Show,Drama,1970,PG-13,3 Seasons,United Kingdom"
"Title 91,Movie,Drama,1971,R,109 min,Germany"
"Title 92,TV Show,Sci-Fi,1989,TV-PG,133 min,Germany"
"Title 93,Movie,Thriller,1971,PG,3 Seasons,Japan"
"Title 94,TV Show,Thriller,1955,TV-PG,3 Seasons,United Kingdom"
"Title 95,Movie,Documentary,1988,G,89 min,Canada"
"Title 96,TV Show,Action,2005,TV-14,2 Seasons,United States"
"Title 97,Movie,Romance,1978,TV-MA,1 Seasons,Germany"
"Title 98,TV Show,Romance,2007,TV-PG,2 Seasons,India"
"Title 99,Movie,Action,1978,PG-13,124 min,Australia"
"Title 100,TV Show,Drama,1991,G,84 min,United Kingdom"
"Title 101,TV Show,Sci-Fi,2006,TV-14,2 Seasons,Australia"
"Title 102,TV Show,Horror,2016,R,107 min,India"
"Title 103,TV Show,Action,1978,PG,106 min,India"
"Title 104,TV Show,Action,1952,TV-PG,153 min,Germany"
"Title 105,Movie,Thriller,1972,TV-PG,157 min,United Kingdom"
"Title 106,TV Show,Romance,1967,PG-13,2 Seasons,United Kingdom"
"Title 107,TV Show,Action,2005,TV-14,2 Seasons,South Korea"
"Title 108,Movie,Drama,1985,TV-MA,2 Seasons,South Korea"
"Title 109,TV Show,Drama,1966,TV-PG,1 Seasons,South Korea"
"Title 110,Movie,Documentary,1963,PG-13,3 Seasons,United Kingdom"
"Title 111,Movie,Action,1974,TV-PG,2 Seasons,United States"
"Title 112,Movie,Documentary,1971,TV-14,138 min,Japan"
"Title 113,Movie,Drama,2019,PG,180 min,Canada"
"Title 114,TV Show,Action,2005,R,3 Seasons,Germany"
"Title 115,TV Show,Thriller,2010,PG-13,90 min,Australia"
"Title 116,Movie,Thriller,2007,PG-13,159 min,United States"
"Title 117,Movie,Romance,1963,R,2 Seasons,Australia"
"Title 118,TV Show,Romance,2018,R,3 Seasons,United Kingdom"
"Title 119,TV Show,Drama,2003,TV-PG,3 Seasons,Australia"
"Title 120,Movie,Romance,1974,PG,74 min,South Korea"
"Title 121,TV Show,Thriller,2008,TV-MA,66 min,United Kingdom"
"Title 122,Movie,Sci-Fi,1983,G,2 Seasons,India"
"Title 123,TV Show,Documentary,1959,G,1 Seasons,India"
"Title 124,Movie,Comedy,1982,TV-14,3 Seasons,Canada"
"Title 125,Movie,Horror,1977,TV-14,2 Seasons,Canada"
"Title 126,TV Show,Comedy,1953,R,2 Seasons,India"
"Title 127,Movie,Comedy,2010,PG-13,3 Seasons,South Korea"
"Title 128,TV Show,Thriller,1998,TV-PG,1 Seasons,United Kingdom"
"Title 129,Movie,Drama,1951,PG,3 Seasons,United States"
"Title 130,Movie,Drama,1963,PG-13,2 Seasons,United Kingdom"
"Title 131,TV Show,Thriller,1979,PG,3 Seasons,Canada"
"Title 132,Movie,Comedy,1963,TV-PG,2 Seasons,Germany"
"Title 133,TV Show,Comedy,2006,TV-14,1 Seasons,Australia"
"Title 134,Movie,Action,1970,R,2 Seasons,Canada"
"Title 135,TV Show,Comedy,1963,TV-PG,2 Seasons,United Kingdom"
"Title 136,Movie,Romance,2005,G,65 min,Japan"
"Title 137,TV Show,Comedy,1984,TV-MA,1 Seasons,Australia"
"Title 138,Movie,Romance,1998,R,79 min,United States"
"Title 139,Movie,Drama,1976,G,73 min,South Korea"
"Title 140,TV Show,Drama,1991,PG,3 Seasons,Japan"
"Title 141,TV Show,Sci-Fi,2012,G,3 Seasons,Australia"
"Title 142,Movie,Comedy,1977,G,103 min,South Korea"
"Title 143,TV Show,Sci-Fi,1956,R,1 Seasons,Japan"
"Title 144,TV Show,Horror,1985,TV-14,65 min,India"
"Title 145,TV Show,Horror,1989,TV-14,3 Seasons,Germany"
"Title 146,TV Show,Comedy,1960,TV-PG,1 Seasons,Australia"
"Title 147,TV Show,Sci-Fi,1955,G,165 min,Australia"
"Title 148,TV Show,Comedy,1990,PG-13,1 Seasons,Canada"
"Title 149,Movie,Thriller,1985,PG-13,2 Seasons,Japan"
"Title 150,TV Show,Thriller,1950,PG,179 min,Australia"
"Title 151,TV Show,Horror,1993,R,113 min,United Kingdom"
"Title 152,TV Show,Thriller,1996,R,3 Seasons,Germany"
"Title 153,TV Show,Horror,2022,R,1 Seasons,Japan"
"Title 154,TV Show,Drama,1994,TV-PG,1 Seasons,Germany"
"Title 155,TV Show,Documentary,2005,PG,3 Seasons,Germany"
"Title 156,Movie,Sci-Fi,2012,PG,166 min,United Kingdom"
"Title 157,Movie,Thriller,1968,PG,91 min,Australia"
"Title 158,Movie,Documentary,1979,R,119 min,United Kingdom"
"Title 159,Movie,Drama,1959,G,164 min,Australia"
"Title 160,Movie,Documentary,1979,PG-13,3 Seasons,Canada"
"Title 161,TV Show,Drama,1956,TV-14,169 min,Canada"
"Title 162,Movie,Romance,2012,PG,104 min,United Kingdom"
"Title 163,TV Show,Horror,2001,TV-MA,155 min,United Kingdom"
"Title 164,Movie,Drama,1960,PG-13,135 min,United Kingdom"
"Title 165,TV Show,Comedy,1983,PG,70 min,Japan"
"Title 166,TV Show,Romance,1986,TV-MA,177 min,United Kingdom"
"Title 167,TV Show,Action,1961,TV-MA,109 min,India"
"Title 168,TV Show,Romance,1978,R,1 Seasons,India"
"Title 169,TV Show,Documentary,2011,TV-14,1 Seasons,Germany"
"Title 170,TV Show,Comedy,1958,R,179 min,United States"
"Title 171,Movie,Thriller,1993,R,126 min,Germany"
"Title 172,TV Show,Horror,1981,TV-PG,3 Seasons,Germany"
"Title 173,TV Show,Drama,2002,TV-MA,2 Seasons,Australia"
"Title 174,TV Show,Documentary,1952,PG-13,3 Seasons,United Kingdom"
"Title 175,Movie,Horror,1964,TV-14,2 Seasons,United States"
"Title 176,TV Show,Comedy,2014,TV-14,158 min,United States"
"Title 177,Movie,Documentary,1951,PG,3 Seasons,Canada"
"Title 178,TV Show,Comedy,2018,PG-13,1 Seasons,South Korea"
"Title 179,TV Show,Sci-Fi,1956,PG,1 Seasons,Germany"
"Title 180,TV Show,Documentary,1959,TV-14,3 Seasons,United Kingdom"
"Title 181,Movie,Action,1974,PG-13,122 min,United States"
"Title 182,Movie,Drama,1972,TV-14,1 Seasons,Germany"
"Title 183,TV Show,Comedy,1971,R,3 Seasons,Germany"
"Title 184,Movie,Documentary,1998,TV-PG,122 min,Japan"
"Title 185,TV Show,Documentary,1967,PG-13,3 Seasons,India"
"Title 186,TV Show,Horror,1967,G,3 Seasons,Japan"
"Title 187,TV Show,Comedy,1995,PG-13,127 min,South Korea"
"Title 188,Movie,Sci-Fi,2002,PG,2 Seasons,Japan"
"Title 189,TV Show,Comedy,2015,G,2 Seasons,United Kingdom"
"Title 190,Movie,Thriller,2017,TV-14,2 Seasons,Canada"
"Title 191,Movie,Documentary,2018,TV-14,2 Seasons,South Korea"
"Title 192,Movie,Sci-Fi,1965,TV-PG,3 Seasons,United Kingdom"
"Title 193,TV Show,Sci-Fi,1960,G,3 Seasons,Japan"
"Title 194,TV Show,Romance,1958,TV-MA,173 min,Germany"
"Title 195,Movie,Romance,2000,G,2 Seasons,South Korea"
"Title 196,Movie,Comedy,1969,TV-MA,89 min,Australia"
"Title 197,Movie,Documentary,1962,PG-13,1 Seasons,Canada"
"Title 198,Movie,Drama,1967,R,106 min,Germany"
"Title 199,TV Show,Documentary,1964,R,2 Seasons,United Kingdom"
"Title 200,TV Show,Drama,1969,G,66 min,Germany"
"Title 201,Movie,Documentary,2016,R,1 Seasons,Japan"
"Title 202,TV Show,Sci-Fi,1969,G,169 min,United Kingdom"
"Title 203,TV Show,Action,1988,PG-13,2 Seasons,Canada"
"Title 204,Movie,Sci-Fi,1954,TV-PG,174 min,South Korea"
"Title 205,TV Show,Action,2016,TV-14,109 min,Canada"
"Title 206,Movie,Romance,2000,R,1 Seasons,Australia"
"Title 207,TV Show,Thriller,2015,TV-PG,3 Seasons,United States"
"Title 208,TV Show,Romance,2017,PG-13,125 min,Germany"
"Title 209,Movie,Sci-Fi,1968,PG-13,2 Seasons,United Kingdom"
"Title 210,TV Show,Romance,1979,TV-PG,3 Seasons,United States"
"Title 211,Movie,Thriller,2017,G,147 min,South Korea"
"Title 212,TV Show,Documentary,1988,R,131 min,Germany"
"Title 213,Movie,Sci-Fi,1951,TV-14,175 min,Japan"
"Title 214,TV Show,Documentary,2003,PG,1 Seasons,United States"
"Title 215,Movie,Drama,1974,R,3 Seasons,Canada"
"Title 216,TV Show,Drama,1986,TV-14,1 Seasons,Germany"
"Title 217,Movie,Sci-Fi,1998,R,78 min,United States"
"Title 218,Movie,Documentary,1971,TV-14,1 Seasons,Japan"
"Title 219,Movie,Thriller,1964,PG,113 min,Australia"
"Title 220,Movie,Comedy,1990,R,165 min,Germany"
"Title 221,Movie,Thriller,2017,TV-MA,3 Seasons,South Korea"
"Title 222,TV Show,Comedy,1968,PG,161 min,India"
"Title 223,TV Show,Drama,1968,G,128 min,Canada"
"Title 224,TV Show,Documentary,1973,G,2 Seasons,United Kingdom"
"Title 225,Movie,Action,1987,G,114 min,United States"
"Title 226,Movie,Documentary,1960,TV-PG,124 min,United Kingdom"
"Title 227,TV Show,Comedy,1964,TV-MA,159 min,South Korea"
"Title 228,TV Show,Comedy,1960,TV-PG,3 Seasons,United Kingdom"
"Title 229,Movie,Documentary,1984,PG,70 min,India"
"Title 230,TV Show,Horror,2021,TV-MA,2 Seasons,Australia"
"Title 231,Movie,Thriller,1963,G,1 Seasons,Japan"
"Title 232,Movie,Romance,2004,TV-14,178 min,India"
"Title 233,Movie,Documentary,2008,TV-MA,3 Seasons,Japan"
"Title 234,Movie,Romance,1971,TV-PG,158 min,Germany"
"Title 235,TV Show,Drama,1970,G,163 min,India"
"Title 236,Movie,Horror,2005,G,3 Seasons,Germany"
"Title 237,Movie,Documentary,1988,PG,153 min,South Korea"
"Title 238,TV Show,Comedy,1957,R,2 Seasons,United Kingdom"
"Title 239,TV Show,Romance,2014,G,132 min,South Korea"
"Title 240,TV Show,Romance,2001,TV-14,110 min,South Korea"
"Title 241,TV Show,Sci-Fi,1991,PG-13,1 Seasons,Australia"
"Title 242,TV Show,Drama,1985,TV-PG,2 Seasons,Australia"
"Title 243,Movie,Action,1982,TV-MA,127 min,Germany"
"Title 244,TV Show,Thriller,1978,R,111 min,United Kingdom"
"Title 245,Movie,Romance,1959,TV-MA,122 min,Japan"
"Title 246,TV Show,Action,2015,TV-14,3 Seasons,United Kingdom"
"Title 247,TV Show,Comedy,1955,TV-MA,3 Seasons,Germany"
"Title 248,Movie,Romance,1994,TV-PG,1 Seasons,Germany"
"Title 249,Movie,Action,1979,TV-MA,81 min,Japan"
"Title 250,Movie,Romance,2009,PG-13,166 min,United States"
"Title 251,TV Show,Comedy,1952,TV-MA,89 min,Canada"
"Title 252,TV Show,Sci-Fi,2016,PG,2 Seasons,Germany"
"Title 253,Movie,Comedy,1959,PG,151 min,United Kingdom"
"Title 254,Movie,Thriller,1951,TV-PG,3 Seasons,United Kingdom"
"Title 255,TV Show,Action,1956,R,145 min,Canada"
"Title 256,TV Show,Drama,1955,TV-MA,92 min,Australia"
"Title 257,Movie,Sci-Fi,1991,G,2 Seasons,India"
"Title 258,Movie,Comedy,2018,TV-MA,1 Seasons,Australia"
"Title 259,TV Show,Romance,1984,TV-14,71 min,Japan"
"Title 260,TV Show,Sci-Fi,1986,PG,139 min,India"
"Title 261,Movie,Romance,1970,TV-14,140 min,South Korea"
"Title 262,TV Show,Action,1977,R,77 min,South Korea"
"Title 263,Movie,Horror,1972,TV-PG,3 Seasons,Germany"
"Title 264,Movie,Comedy,1951,PG-13,3 Seasons,South Korea"
"Title 265,Movie,Romance,1968,TV-PG,72 min,Australia"
"Title 266,TV Show,Drama,1950,TV-14,100 min,South Korea"
"Title 267,TV Show,Action,1954,PG-13,2 Seasons,Canada"
"Title 268,Movie,Horror,2019,R,3 Seasons,Australia"
"Title 269,TV Show,Comedy,2018,TV-MA,78 min,Canada"
"Title 270,Movie,Romance,1993,PG-13,140 min,United States"
"Title 271,TV Show,Action,1994,PG,89 min,Germany"
"Title 272,TV Show,Comedy,1994,R,1 Seasons,United Kingdom"
"Title 273,Movie,Comedy,1988,TV-PG,1 Seasons,Canada"
"Title 274,Movie,Drama,1958,TV-PG,134 min,India"
"Title 275,Movie,Horror,2009,G,126 min,India"
"Title 276,TV Show,Action,1962,PG,1 Seasons,South Korea"
"Title 277,TV Show,Romance,1959,R,92 min,Canada"
"Title 278,TV Show,Romance,1967,PG,2 Seasons,India"
"Title 279,Movie,Horror,1977,R,3 Seasons,India"
"Title 280,TV Show,Drama,2005,PG-13,176 min,Australia"
"Title 281,TV Show,Action,2019,R,2 Seasons,Germany"
"Title 282,TV Show,Horror,2014,PG-13,171 min,United States"
"Title 283,TV Show,Horror,1984,TV-MA,150 min,Canada"
"Title 284,TV Show,Comedy,2008,G,2 Seasons,United Kingdom"
"Title 285,TV Show,Horror,2009,TV-PG,155 min,South Korea"
"Title 286,TV Show,Drama,2001,TV-14,2 Seasons,United States"
"Title 287,TV Show,Romance,2015,G,1 Seasons,Japan"
"Title 288,TV Show,Horror,1971,TV-MA,100 min,South Korea"
"Title 289,TV Show,Horror,1994,PG,94 min,Germany"
"Title 290,TV Show,Sci-Fi,1991,R,104 min,South Korea"
"Title 291,Movie,Drama,1954,R,2 Seasons,India"
"Title 292,TV Show,Sci-Fi,2004,G,109 min,Australia"
"Title 293,TV Show,Comedy,2010,PG,68 min,Canada"
"Title 294,TV Show,Thriller,2006,R,3 Seasons,South Korea"
"Title 295,TV Show,Horror,2000,R,107 min,India"
"Title 296,TV Show,Sci-Fi,2016,TV-14,3 Seasons,United Kingdom"
"Title 297,TV Show,Horror,1987,G,61 min,Japan"
"Title 298,Movie,Romance,1997,PG,3 Seasons,India"
"Title 299,TV Show,Romance,1998,G,1 Seasons,South Korea"
"Title 300,TV Show,Drama,2021,G,1 Seasons,South Korea"
"Title 301,TV Show,Action,1970,R,2 Seasons,Japan"
"Title 302,TV Show,Action,1974,TV-PG,1 Seasons,Canada"
"Title 303,TV Show,Documentary,1960,R,2 Seasons,Australia"
"Title 304,Movie,Documentary,2018,PG,3 Seasons,Germany"
"Title 305,TV Show,Documentary,2002,PG,111 min,Japan"
"Title 306,TV Show,Romance,1961,TV-14,67 min,United States"
"Title 307,TV Show,Thriller,1970,PG,1 Seasons,United Kingdom"
"Title 308,TV Show,Romance,2008,TV-MA,3 Seasons,Germany"
"Title 309,TV Show,Romance,1995,PG,111 min,Germany"
"Title 310,Movie,Comedy,1958,TV-PG,89 min,United Kingdom"
"Title 311,Movie,Action,1979,R,100 min,Australia"
"Title 312,TV Show,Drama,2021,TV-14,73 min,Germany"
"Title 313,Movie,Romance,1990,TV-MA,2 Seasons,Canada"
"Title 314,Movie,Documentary,1979,TV-14,1 Seasons,Germany"
"Title 315,TV Show,Documentary,1983,TV-MA,65 min,South Korea"
"Title 316,Movie,Comedy,2004,R,3 Seasons,Japan"
"Title 317,TV Show,Horror,1954,TV-14,71 min,United States"
"Title 318,TV Show,Sci-Fi,1956,TV-PG,70 min,South Korea"
"Title 319,Movie,Comedy,2006,G,1 Seasons,Germany"
"Title 320,TV Show,Documentary,2013,TV-PG,92 min,India"
"Title 321,Movie,Horror,1967,TV-14,124 min,Australia"
"Title 322,Movie,Romance,1988,TV-PG,178 min,United Kingdom"
"Title 323,Movie,Horror,1982,TV-14,116 min,South Korea"
"Title 324,TV Show,Drama,2021,R,173 min,Canada"
"Title 325,TV Show,Thriller,1991,PG-13,88 min,Japan"
"Title 326,Movie,Action,2001,TV-MA,76 min,United Kingdom"
"Title 327,Movie,Comedy,2014,TV-PG,3 Seasons,Canada"
"Title 328,TV Show,Action,2015,TV-14,96 min,Australia"
"Title 329,Movie,Comedy,2013,R,168 min,United Kingdom"
"Title 330,TV Show,Romance,1995,G,139 min,Germany"
"Title 331,TV Show,Romance,1956,TV-PG,3 Seasons,Canada"
"Title 332,TV Show,Horror,1955,PG-13,116 min,Canada"
"Title 333,Movie,Documentary,1954,PG,2 Seasons,Australia"
"Title 334,Movie,Thriller,1993,PG-13,3 Seasons,Germany"
"Title 335,Movie,Documentary,2005,PG-13,3 Seasons,United States"
"Title 336,Movie,Drama,1989,TV-PG,3 Seasons,Canada"
"Title 337,Movie,Drama,1957,TV-MA,2 Seasons,Canada"
"Title 338,TV Show,Thriller,1969,TV-MA,1 Seasons,United Kingdom"
"Title 339,TV Show,Sci-Fi,1957,TV-PG,3 Seasons,United States"
"Title 340,Movie,Drama,2003,R,2 Seasons,Germany"
"Title 341,TV Show,Thriller,1976,TV-14,116 min,Germany"
"Title 342,Movie,Thriller,1973,PG-13,94 min,Australia"
"Title 343,Movie,Drama,1969,TV-MA,1 Seasons,Australia"
"Title 344,TV Show,Action,1979,TV-PG,2 Seasons,India"
"Title 345,Movie,Comedy,2013,PG-13,115 min,United Kingdom"
"Title 346,TV Show,Documentary,1997,TV-MA,65 min,United Kingdom"
"Title 347,Movie,Thriller,1992,G,1 Seasons,United Kingdom"
"Title 348,TV Show,Drama,1970,G,151 min,South Korea"
"Title 349,Movie,Romance,2008,TV-MA,1 Seasons,United States"
"Title 350,TV Show,Sci-Fi,2020,TV-MA,1 Seasons,Australia"
"Title 351,Movie,Thriller,1953,PG,1 Seasons,India"
"Title 352,TV Show,Documentary,2010,TV-PG,76 min,Germany"
"Title 353,TV Show,Drama,1951,G,3 Seasons,United States"
"Title 354,TV Show,Documentary,1966,TV-PG,107 min,Germany"
"Title 355,TV Show,Thriller,1990,TV-PG,1 Seasons,Australia"
"Title 356,Movie,Romance,2007,TV-14,3 Seasons,South Korea"
"Title 357,Movie,Thriller,1983,PG,131 min,South Korea"
"Title 358,Movie,Action,1953,TV-14,68 min,Canada"
"Title 359,TV Show,Romance,1950,G,3 Seasons,Japan"
"Title 360,Movie,Comedy,1979,TV-14,1 Seasons,South Korea"
"Title 361,TV Show,Drama,1998,PG,131 min,Japan"
"Title 362,Movie,Comedy,1953,R,1 Seasons,Australia"
"Title 363,TV Show,Romance,1981,TV-14,3 Seasons,South Korea"
"Title 364,TV Show,Thriller,2003,PG,1 Seasons,Australia"
"Title 365,Movie,Thriller,1966,PG-13,153 min,Germany"
"Title 366,TV Show,Drama,1958,TV-PG,1 Seasons,Canada"
"Title 367,Movie,Comedy,1969,PG-13,90 min,India"
"Title 368,TV Show,Thriller,2012,TV-14,65 min,Japan"
"Title 369,Movie,Documentary,1982,R,179 min,Germany"
"Title 370,Movie,Thriller,2009,R,131 min,Canada"
"Title 371,Movie,Romance,1950,TV-14,148 min,South Korea"
"Title 372,TV Show,Drama,1988,PG,3 Seasons,India"
"Title 373,TV Show,Drama,1978,TV-14,70 min,Australia"
"Title 374,TV Show,Horror,2007,R,158 min,United Kingdom"
"Title 375,Movie,Action,1989,G,121 min,India"
"Title 376,Movie,Drama,1968,PG,101 min,Canada"
"Title 377,Movie,Romance,1999,TV-MA,2 Seasons,Germany"
"Title 378,TV Show,Documentary,2010,R,81 min,India"
"Title 379,TV Show,Documentary,1983,R,107 min,Germany"
"Title 380,Movie,Thriller,2004,TV-14,153 min,Germany"
"Title 381,Movie,Documentary,1990,PG-13,3 Seasons,United Kingdom"
"Title 382,TV Show,Action,1970,PG,104 min,South Korea"
"Title 383,Movie,Drama,1964,R,1 Seasons,Canada"
"Title 384,TV Show,Romance,1979,PG,102 min,United States"
"Title 385,TV Show,Documentary,1980,G,143 min,South Korea"
"Title 386,Movie,Action,2009,R,130 min,United Kingdom"
"Title 387,TV Show,Documentary,1967,TV-14,1 Seasons,United Kingdom"
"Title 388,TV Show,Documentary,1968,G,96 min,Canada"
"Title 389,Movie,Comedy,1961,TV-MA,1 Seasons,Australia"
"Title 390,TV Show,Drama,1997,TV-14,2 Seasons,Canada"
"Title 391,Movie,Horror,1979,R,3 Seasons,United States"
"Title 392,Movie,Action,1962,PG-13,87 min,Japan"
"Title 393,Movie,Comedy,1993,R,2 Seasons,South Korea"
"Title 394,Movie,Romance,2009,TV-MA,92 min,United States"
"Title 395,TV Show,Horror,2014,TV-MA,77 min,India"
"Title 396,TV Show,Horror,2010,TV-MA,149 min,Australia"
"Title 397,Movie,Drama,2005,TV-14,172 min,Canada"
"Title 398,TV Show,Thriller,1958,G,2 Seasons,United Kingdom"
"Title 399,TV Show,Action,1997,TV-PG,2 Seasons,South Korea"
"Title 400,Movie,Documentary,2014,TV-MA,3 Seasons,Canada"
"Title 401,Movie,Sci-Fi,1967,TV-14,1 Seasons,Germany"
"Title 402,TV Show,Action,1973,G,73 min,United Kingdom"
"Title 403,TV Show,Drama,1988,TV-MA,1 Seasons,India"
"Title 404,Movie,Comedy,2002,TV-14,146 min,United States"
"Title 405,Movie,Sci-Fi,1999,G,65 min,Australia"
"Title 406,Movie,Drama,1995,PG-13,174 min,Japan"
"Title 407,Movie,Action,1981,TV-MA,95 min,Germany"
"Title 408,Movie,Drama,2016,G,3 Seasons,Australia"
"Title 409,Movie,Thriller,2023,PG-13,63 min,India"
"Title 410,Movie,Documentary,1984,TV-14,178 min,United Kingdom"
"Title 411,Movie,Romance,1950,TV-MA,2 Seasons,Japan"
"Title 412,Movie,Drama,1968,TV-MA,63 min,South Korea"
"Title 413,Movie,Comedy,1999,G,160 min,India"
"Title 414,Movie,Thriller,1993,TV-14,3 Seasons,United States"
"Title 415,Movie,Thriller,1973,TV-PG,1 Seasons,Australia"
"Title 416,TV Show,Drama,1964,TV-PG,88 min,Canada"
"Title 417,TV Show,Thriller,2011,TV-MA,3 Seasons,United Kingdom"
"Title 418,TV Show,Sci-Fi,2020,TV-MA,108 min,Australia"
"Title 419,TV Show,Action,2010,PG-13,3 Seasons,Germany"
"Title 420,TV Show,Horror,1964,R,128 min,Japan"
"Title 421,TV Show,Comedy,1987,PG-13,3 Seasons,Australia"
"Title 422,Movie,Horror,1968,R,172 min,South Korea"
"Title 423,Movie,Horror,2000,G,3 Seasons,Australia"
"Title 424,TV Show,Comedy,2003,TV-PG,60 min,Canada"
"Title 425,Movie,Thriller,2019,TV-PG,2 Seasons,United Kingdom"
"Title 426,TV Show,Action,2008,PG-13,2 Seasons,Australia"
"Title 427,TV Show,Drama,1981,TV-14,2 Seasons,South Korea"
"Title 428,Movie,Action,1985,PG,86 min,Japan"
"Title 429,Movie,Horror,1970,TV-PG,90 min,United States"
"Title 430,TV Show,Horror,1956,TV-MA,1 Seasons,Germany"
"Title 431,Movie,Comedy,2005,G,1 Seasons,United States"
"Title 432,Movie,Action,1999,TV-PG,98 min,Australia"
"Title 433,TV Show,Comedy,1979,PG,3 Seasons,India"
"Title 434,TV Show,Thriller,1970,TV-14,2 Seasons,United Kingdom"
"Title 435,TV Show,Horror,1984,PG-13,1 Seasons,Germany"
"Title 436,Movie,Comedy,1990,TV-PG,3 Seasons,South Korea"
"Title 437,TV Show,Action,1987,PG-13,2 Seasons,Canada"
"Title 438,TV Show,Thriller,1964,R,114 min,Japan"
"Title 439,TV Show,Thriller,1966,PG-13,3 Seasons,Canada"
"Title 440,TV Show,Comedy,1954,TV-PG,3 Seasons,Germany"
"Title 441,TV Show,Action,2005,TV-PG,1 Seasons,United States"
"Title 442,TV Show,Drama,1950,G,2 Seasons,United States"
"Title 443,TV Show,Thriller,1986,TV-14,3 Seasons,United Kingdom"
"Title 444,TV Show,Horror,1972,G,90 min,United Kingdom"
"Title 445,TV Show,Thriller,1980,PG,76 min,Germany"
"Title 446,TV Show,Horror,1983,R,95 min,India"
"Title 447,TV Show,Thriller,1966,TV-MA,75 min,Germany"
"Title 448,Movie,Thriller,1954,PG,152 min,United Kingdom"
"Title 449,TV Show,Comedy,1989,TV-MA,116 min,Australia"
"Title 450,Movie,Drama,2007,TV-14,3 Seasons,India"
"Title 451,TV Show,Comedy,1950,TV-PG,1 Seasons,Germany"
"Title 452,TV Show,Thriller,1972,PG,3 Seasons,Canada"
"Title 453,TV Show,Thriller,1975,PG-13,3 Seasons,Germany"
"Title 454,TV Show,Thriller,1957,PG-13,1 Seasons,United States"
"Title 455,TV Show,Documentary,2014,G,102 min,Australia"
"Title 456,TV Show,Sci-Fi,1975,PG,1 Seasons,South Korea"
"Title 457,Movie,Sci-Fi,1990,TV-PG,85 min,South Korea"
"Title 458,Movie,Sci-Fi,2021,R,3 Seasons,United States"
"Title 459,TV Show,Drama,2022,PG-13,164 min,South Korea"
"Title 460,TV Show,Comedy,2002,PG,173 min,India"
"Title 461,TV Show,Comedy,1983,TV-14,136 min,United Kingdom"
"Title 462,Movie,Drama,1988,PG,3 Seasons,United Kingdom"
"Title 463,Movie,Romance,1979,TV-14,1 Seasons,Australia"
"Title 464,Movie,Documentary,2013,TV-MA,156 min,Australia"
"Title 465,Movie,Comedy,2019,TV-MA,3 Seasons,United Kingdom"
"Title 466,Movie,Sci-Fi,2000,PG-13,3 Seasons,South Korea"
"Title 467,Movie,Comedy,2010,TV-14,2 Seasons,Japan"
"Title 468,TV Show,Romance,2004,TV-PG,123 min,United Kingdom"
"Title 469,TV Show,Horror,1952,R,1 Seasons,United States"
"Title 470,Movie,Thriller,2014,TV-MA,1 Seasons,Canada"
"Title 471,Movie,Thriller,1996,G,1 Seasons,Canada"
"Title 472,Movie,Horror,2007,TV-PG,3 Seasons,India"
"Title 473,TV Show,Horror,2016,TV-14,113 min,United Kingdom"
"Title 474,TV Show,Horror,2015,PG-13,1 Seasons,India"
"Title 475,TV Show,Thriller,1998,PG-13,76 min,United States"
"Title 476,TV Show,Romance,1976,PG,3 Seasons,Japan"
"Title 477,TV Show,Action,1983,TV-14,168 min,Canada"
"Title 478,TV Show,Comedy,1974,R,66 min,India"
"Title 479,Movie,Comedy,1956,R,118 min,Germany"
"Title 480,Movie,Sci-Fi,2008,TV-MA,176 min,Japan"
"Title 481,TV Show,Action,1957,TV-MA,170 min,United Kingdom"
"Title 482,TV Show,Thriller,1994,R,3 Seasons,Japan"
"Title 483,Movie,Horror,1979,TV-14,2 Seasons,India"
"Title 484,Movie,Drama,2014,PG,3 Seasons,Canada"
"Title 485,Movie,Drama,1988,G,3 Seasons,Canada"
"Title 486,TV Show,Drama,1982,TV-PG,67 min,Australia"
"Title 487,Movie,Romance,1956,TV-14,1 Seasons,India"
"Title 488,TV Show,Documentary,1974,G,97 min,Germany"
"Title 489,TV Show,Thriller,1953,TV-14,2 Seasons,India"
"Title 490,TV Show,Documentary,1969,TV-MA,65 min,Japan"
"Title 491,TV Show,Romance,1950,PG,1 Seasons,United Kingdom"
"Title 492,TV Show,Drama,1989,PG,1 Seasons,United States"
"Title 493,Movie,Thriller,1998,PG,171 min,Japan"
"Title 494,Movie,Romance,2008,TV-MA,3 Seasons,Germany"
"Title 495,TV Show,Sci-Fi,1990,TV-14,1 Seasons,Australia"
"Title 496,Movie,Horror,1983,TV-14,3 Seasons,India"
"Title 497,Movie,Comedy,1996,TV-PG,3 Seasons,Japan"
"Title 498,TV Show,Comedy,1983,G,3 Seasons,Canada"
"Title 499,TV Show,Documentary,1950,TV-MA,2 Seasons,Germany"
"Title 500,TV Show,Horror,1950,G,1 Seasons,Australia"
"Title 501,TV Show,Drama,2003,G,131 min,Canada"
"Title 502,TV Show,Drama,1955,G,1 Seasons,India"
"Title 503,TV Show,Sci-Fi,1990,TV-MA,151 min,Japan"
"Title 504,TV Show,Action,1995,G,3 Seasons,Japan"
"Title 505,Movie,Drama,1985,G,3 Seasons,United States"
"Title 506,TV Show,Drama,1956,TV-MA,109 min,United Kingdom"
"Title 507,Movie,Drama,1964,PG,2 Seasons,South Korea"
"Title 508,Movie,Comedy,1979,PG-13,113 min,United Kingdom"
"Title 509,TV Show,Thriller,1953,G,79 min,United States"
"Title 510,TV Show,Thriller,1963,G,1 Seasons,Canada"
"Title 511,TV Show,Thriller,1978,G,2 Seasons,South Korea"
"Title 512,Movie,Sci-Fi,1956,TV-14,76 min,Canada"
"Title 513,TV Show,Romance,1970,TV-14,70 min,Japan"
"Title 514,Movie,Drama,1959,TV-MA,71 min,Canada"
"Title 515,TV Show,Sci-Fi,1960,PG,1 Seasons,South Korea"
"Title 516,Movie,Action,2020,PG,3 Seasons,Germany"
"Title 517,Movie,Comedy,1959,TV-14,78 min,Germany"
"Title 518,TV Show,Documentary,2021,TV-PG,121 min,Japan"
"Title 519,Movie,Documentary,1957,G,2 Seasons,Japan"
"Title 520,Movie,Romance,2009,TV-MA,83 min,Australia"
"Title 521,Movie,Action,1989,G,1 Seasons,United Kingdom"
"Title 522,Movie,Romance,1991,TV-PG,1 Seasons,United Kingdom"
"Title 523,TV Show,Documentary,1998,R,3 Seasons,Germany"
"Title 524,TV Show,Horror,2013,TV-MA,95 min,Canada"
"Title 525,Movie,Drama,1987,PG-13,132 min,Australia"
"Title 526,TV Show,Sci-Fi,2023,G,3 Seasons,Canada"
"Title 527,TV Show,Horror,1982,TV-PG,3 Seasons,Canada"
"Title 528,TV Show,Horror,1963,R,95 min,Australia"
"Title 529,Movie,Drama,1960,PG-13,151 min,United States"
"Title 530,Movie,Thriller,1966,R,3 Seasons,South Korea"
"Title 531,TV Show,Thriller,1991,TV-PG,2 Seasons,Germany"
"Title 532,TV Show,Thriller,1977,G,112 min,United States"
"Title 533,Movie,Sci-Fi,1954,PG-13,1 Seasons,Australia"
"Title 534,TV Show,Horror,2019,R,90 min,United Kingdom"
"Title 535,Movie,Comedy,1973,R,180 min,Germany"
"Title 536,Movie,Thriller,1955,PG-13,1 Seasons,India"
"Title 537,TV Show,Action,2003,TV-14,152 min,Australia"
"Title 538,Movie,Romance,1975,TV-14,87 min,Australia"
"Title 539,TV Show,Romance,2021,R,1 Seasons,India"
"Title 540,TV Show,Romance,1950,TV-PG,61 min,Germany"
"Title 541,TV Show,Thriller,1981,PG-13,97 min,Australia"
"Title 542,TV Show,Documentary,1961,R,1 Seasons,Canada"
"Title 543,Movie,Documentary,1955,PG,176 min,Australia"
"Title 544,Movie,Comedy,2001,PG-13,3 Seasons,United Kingdom"
"Title 545,Movie,Thriller,1987,PG-13,1 Seasons,United Kingdom"
"Title 546,TV Show,Horror,2020,TV-PG,3 Seasons,Canada"
"Title 547,Movie,Action,2011,PG,3 Seasons,Canada"
"Title 548,Movie,Romance,1995,TV-14,2 Seasons,United States"
"Title 549,Movie,Documentary,1985,R,2 Seasons,United Kingdom"
"Title 550,TV Show,Comedy,2008,PG-13,2 Seasons,United States"
"Title 551,Movie,Comedy,2006,G,82 min,Germany"
"Title 552,Movie,Comedy,1975,TV-PG,87 min,United Kingdom"
"Title 553,TV Show,Thriller,2008,R,171 min,India"
"Title 554,TV Show,Romance,1953,PG,2 Seasons,India"
"Title 555,Movie,Comedy,1954,R,107 min,Canada"
"Title 556,TV Show,Drama,1962,TV-MA,81 min,Canada"
"Title 557,TV Show,Sci-Fi,1998,TV-14,114 min,United States"
"Title 558,Movie,Action,1976,R,79 min,Canada"
"Title 559,Movie,Romance,1991,TV-PG,80 min,Germany"
"Title 560,Movie,Comedy,2007,TV-MA,1 Seasons,South Korea"
"Title 561,TV Show,Comedy,1994,G,119 min,South Korea"
"Title 562,Movie,Drama,2009,TV-14,168 min,India"
"Title 563,Movie,Documentary,1994,TV-PG,80 min,United Kingdom"
"Title 564,TV Show,Documentary,2009,TV-MA,171 min,United Kingdom"
"Title 565,Movie,Horror,2002,TV-PG,1 Seasons,Australia"
"Title 566,Movie,Sci-Fi,1976,G,3 Seasons,United Kingdom"
"Title 567,Movie,Romance,1970,TV-PG,106 min,Australia"
"Title 568,Movie,Horror,2006,TV-14,2 Seasons,Germany"
"Title 569,TV Show,Action,2014,PG,3 Seasons,India"
"Title 570,Movie,Thriller,1995,TV-PG,2 Seasons,United States"
"Title 571,TV Show,Documentary,1979,TV-PG,2 Seasons,India"
"Title 572,TV Show,Documentary,1974,PG-13,1 Seasons,Japan"
"Title 573,Movie,Thriller,1973,TV-14,1 Seasons,Canada"
"Title 574,TV Show,Drama,2014,PG-13,1 Seasons,Canada"
"Title 575,Movie,Romance,1990,TV-MA,87 min,Australia"
"Title 576,TV Show,Drama,2001,PG-13,75 min,India"
"Title 577,Movie,Thriller,1956,TV-MA,126 min,Germany"
"Title 578,TV Show,Romance,1996,G,88 min,Canada"
"Title 579,Movie,Action,1988,G,3 Seasons,South Korea"
"Title 580,Movie,Thriller,1971,G,2 Seasons,Canada"
"Title 581,Movie,Horror,2003,TV-PG,158 min,Australia"
"Title 582,TV Show,Romance,1966,TV-MA,3 Seasons,South Korea"
"Title 583,Movie,Documentary,1994,G,3 Seasons,India"
"Title 584,TV Show,Action,1978,PG,79 min,United States"
"Title 585,TV Show,Comedy,1989,TV-PG,1 Seasons,United States"
"Title 586,TV Show,Horror,1960,TV-MA,126 min,Canada"
"Title 587,TV Show,Horror,1970,PG,74 min,United Kingdom"
"Title 588,Movie,Thriller,1954,PG,3 Seasons,South Korea"
"Title 589,Movie,Comedy,1994,R,1 Seasons,United Kingdom"
"Title 590,Movie,Drama,1965,TV-MA,118 min,United Kingdom"
"Title 591,Movie,Drama,1970,TV-14,67 min,Canada"
"Title 592,TV Show,Action,2020,R,1 Seasons,United States"
"Title 593,Movie,Action,2017,PG-13,1 Seasons,Germany"
"Title 594,Movie,Documentary,1962,TV-PG,130 min,Canada"
"Title 595,TV Show,Horror,1986,TV-PG,101 min,Australia"
"Title 596,TV Show,Horror,1983,R,3 Seasons,South Korea"
"Title 597,Movie,Action,2010,TV-PG,1 Seasons,Australia"
"Title 598,TV Show,Documentary,2020,PG-13,131 min,Canada"
"Title 599,TV Show,Drama,1994,PG,78 min,United States"
"Title 600,TV Show,Comedy,1961,PG-13,3 Seasons,United States"
"Title 601,TV Show,Thriller,1996,PG,3 Seasons,Germany"
"Title 602,TV Show,Horror,2015,PG,126 min,South Korea"
"Title 603,Movie,Sci-Fi,1962,PG-13,3 Seasons,United Kingdom"
"Title 604,Movie,Sci-Fi,2008,PG,80 min,Canada"
"Title 605,TV Show,Documentary,1992,G,168 min,United Kingdom"
"Title 606,TV Show,Drama,2003,G,103 min,Australia"
"Title 607,TV Show,Action,1970,TV-MA,140 min,India"
"Title 608,TV Show,Horror,1979,TV-MA,88 min,Australia"
"Title 609,Movie,Comedy,2002,PG,2 Seasons,India"
"Title 610,TV Show,Romance,2008,TV-PG,93 min,United States"
"Title 611,Movie,Documentary,1977,TV-PG,1 Seasons,Germany"
"Title 612,TV Show,Drama,1995,PG-13,2 Seasons,Germany"
"Title 613,Movie,Horror,1963,TV-14,2 Seasons,United States"
"Title 614,TV Show,Action,2016,PG-13,101 min,United States"
"Title 615,TV Show,Sci-Fi,2008,TV-14,1 Seasons,Canada"
"Title 616,Movie,Drama,2012,G,3 Seasons,Canada"
"Title 617,TV Show,Thriller,1958,PG,91 min,India"
"Title 618,Movie,Sci-Fi,2018,PG-13,82 min,Japan"
"Title 619,Movie,Thriller,1978,PG,60 min,Canada"
"Title 620,TV Show,Drama,1962,G,3 Seasons,United Kingdom"
"Title 621,TV Show,Romance,1976,R,3 Seasons,Australia"
"Title 622,Movie,Documentary,2002,PG-13,78 min,United Kingdom"
"Title 623,Movie,Comedy,1993,TV-14,3 Seasons,Japan"
"Title 624,Movie,Thriller,1988,PG,3 Seasons,India"
"Title 625,Movie,Romance,2000,TV-PG,2 Seasons,Australia"
"Title 626,TV Show,Action,1964,TV-14,3 Seasons,United Kingdom"
"Title 627,TV Show,Documentary,1967,R,161 min,South Korea"
"Title 628,TV Show,Horror,1968,PG,160 min,South Korea"
"Title 629,TV Show,Documentary,1977,G,99 min,United States"
"Title 630,Movie,Sci-Fi,1969,TV-MA,2 Seasons,United Kingdom"
"Title 631,TV Show,Action,2019,TV-14,1 Seasons,United Kingdom"
"Title 632,TV Show,Horror,1970,R,89 min,United States"
"Title 633,TV Show,Comedy,2016,PG-13,112 min,United States"
"Title 634,Movie,Romance,2022,TV-14,3 Seasons,Australia"
"Title 635,TV Show,Sci-Fi,1965,TV-PG,109 min,Germany"
"Title 636,TV Show,Documentary,1952,TV-14,1 Seasons,Canada"
"Title 637,Movie,Thriller,1966,TV-PG,166 min,Australia"
"Title 638,TV Show,Sci-Fi,2012,G,3 Seasons,United Kingdom"
"Title 639,Movie,Documentary,2016,R,115 min,Australia"
"Title 640,Movie,Sci-Fi,1950,PG,65 min,United States"
"Title 641,TV Show,Drama,1953,TV-PG,179 min,India"
"Title 642,TV Show,Horror,1986,R,3 Seasons,Canada"
"Title 643,TV Show,Sci-Fi,2013,TV-14,1 Seasons,United States"
"Title 644,Movie,Sci-Fi,1967,R,3 Seasons,United States"
"Title 645,TV Show,Horror,1990,TV-MA,1 Seasons,Germany"
"Title 646,Movie,Horror,1973,TV-PG,1 Seasons,Japan"
"Title 647,TV Show,Sci-Fi,1978,TV-PG,1 Seasons,India"
"Title 648,Movie,Drama,1999,G,118 min,Canada"
"Title 649,TV Show,Horror,2014,R,167 min,Japan"
"Title 650,TV Show,Documentary,1968,TV-PG,3 Seasons,South Korea"
"Title 651,Movie,Horror,1950,TV-14,87 min,Canada"
"Title 652,TV Show,Horror,1991,PG,138 min,Japan"
"Title 653,Movie,Sci-Fi,1979,TV-PG,3 Seasons,Canada"
"Title 654,Movie,Romance,1966,R,72 min,United Kingdom"
"Title 655,Movie,Documentary,2009,TV-14,127 min,Japan"
"Title 656,Movie,Action,1996,TV-14,120 min,Germany"
"Title 657,Movie,Sci-Fi,1975,TV-PG,3 Seasons,Canada"
"Title 658,Movie,Comedy,1965,PG-13,61 min,Australia"
"Title 659,Movie,Sci-Fi,2000,PG-13,124 min,United Kingdom"
"Title 660,Movie,Documentary,1956,R,117 min,Germany"
"Title 661,TV Show,Thriller,1953,PG,109 min,Canada"
"Title 662,Movie,Romance,1976,TV-MA,3 Seasons,Australia"
"Title 663,Movie,Drama,2014,TV-PG,3 Seasons,United Kingdom"
"Title 664,Movie,Drama,1953,R,3 Seasons,India"
"Title 665,TV Show,Romance,2015,PG,2 Seasons,Germany"
"Title 666,TV Show,Documentary,2011,PG,1 Seasons,Japan"
"Title 667,Movie,Action,2010,PG-13,70 min,Canada"
"Title 668,Movie,Drama,1996,PG,3 Seasons,India"
"Title 669,TV Show,Comedy,1987,G,3 Seasons,United Kingdom"
"Title 670,Movie,Romance,2006,TV-PG,114 min,Australia"
"Title 671,Movie,Action,2008,G,99 min,South Korea"
"Title 672,TV Show,Sci-Fi,2008,TV-14,174 min,Australia"
"Title 673,Movie,Thriller,2016,G,80 min,India"
"Title 674,Movie,Romance,1971,PG-13,146 min,India"
"Title 675,Movie,Drama,2019,TV-MA,93 min,Germany"
"Title 676,TV Show,Romance,1965,TV-PG,1 Seasons,Germany"
"Title 677,TV Show,Horror,1998,PG,78 min,India"
"Title 678,Movie,Documentary,1964,PG-13,173 min,Canada"
"Title 679,TV Show,Documentary,1954,TV-PG,1 Seasons,South Korea"
"Title 680,Movie,Sci-Fi,1964,R,134 min,Japan"
"Title 681,TV Show,Romance,2004,R,153 min,Japan"
"Title 682,TV Show,Horror,1984,PG-13,134 min,Australia"
"Title 683,TV Show,Romance,2021,PG,107 min,United Kingdom"
"Title 684,TV Show,Comedy,1978,PG-13,1 Seasons,South Korea"
"Title 685,TV Show,Romance,1992,G,1 Seasons,India"
"Title 686,TV Show,Action,2014,PG,143 min,South Korea"
"Title 687,Movie,Horror,2023,PG-13,103 min,United States"
"Title 688,TV Show,Action,1991,PG,1 Seasons,United Kingdom"
"Title 689,TV Show,Action,2023,TV-MA,2 Seasons,India"
"Title 690,TV Show,Drama,2013,TV-MA,131 min,South Korea"
"Title 691,TV Show,Thriller,1973,TV-MA,166 min,United Kingdom"
"Title 692,TV Show,Comedy,2015,PG,2 Seasons,United Kingdom"
"Title 693,Movie,Action,2016,R,1 Seasons,United Kingdom"
"Title 694,TV Show,Drama,1958,TV-MA,75 min,South Korea"
"Title 695,TV Show,Drama,1964,G,96 min,Canada"
"Title 696,Movie,Horror,1959,G,168 min,South Korea"
"Title 697,TV Show,Sci-Fi,1993,PG,2 Seasons,South Korea"
"Title 698,Movie,Drama,2000,G,2 Seasons,South Korea"
"Title 699,Movie,Horror,2004,G,120 min,South Korea"
"Title 700,TV Show,Comedy,1998,PG-13,2 Seasons,Australia"
"Title 701,TV Show,Thriller,1956,PG-13,137 min,India"
"Title 702,TV Show,Horror,1980,TV-14,2 Seasons,Japan"
"Title 703,TV Show,Documentary,2010,TV-14,112 min,South Korea"
"Title 704,Movie,Documentary,2002,PG-13,1 Seasons,United Kingdom"
"Title 705,Movie,Horror,2016,G,138 min,Japan"
"Title 706,TV Show,Sci-Fi,1956,G,1 Seasons,South Korea"
"Title 707,Movie,Documentary,2012,TV-PG,1 Seasons,South Korea"
"Title 708,Movie,Sci-Fi,1984,TV-PG,69 min,United States"
"Title 709,Movie,Sci-Fi,1995,PG,82 min,United States"
"Title 710,TV Show,Horror,1977,TV-14,3 Seasons,Australia"
"Title 711,Movie,Thriller,1961,R,144 min,Germany"
"Title 712,Movie,Documentary,1957,R,2 Seasons,Australia"
"Title 713,Movie,Horror,2010,TV-14,2 Seasons,India"
"Title 714,Movie,Romance,2001,G,1 Seasons,South Korea"
"Title 715,Movie,Comedy,2018,PG-13,111 min,United Kingdom"
"Title 716,TV Show,Horror,1955,PG-13,82 min,Germany"
"Title 717,TV Show,Horror,1970,TV-14,3 Seasons,India"
"Title 718,Movie,Action,1950,PG-13,1 Seasons,Japan"
"Title 719,Movie,Thriller,2022,TV-MA,145 min,South Korea"
"Title 720,TV Show,Thriller,2018,TV-MA,110 min,India"
"Title 721,Movie,Action,1994,TV-MA,2 Seasons,United Kingdom"
"Title 722,Movie,Sci-Fi,1977,TV-MA,3 Seasons,United States"
"Title 723,TV Show,Romance,1974,G,1 Seasons,India"
"Title 724,Movie,Sci-Fi,1999,TV-MA,1 Seasons,United States"
"Title 725,TV Show,Action,1950,TV-MA,165 min,South Korea"
"Title 726,TV Show,Drama,1954,TV-14,106 min,Canada"
"Title 727,TV Show,Romance,2021,R,114 min,Japan"
"Title 728,TV Show,Sci-Fi,2019,G,2 Seasons,Germany"
"Title 729,Movie,Sci-Fi,2005,TV-14,1 Seasons,United Kingdom"
"Title 730,TV Show,Horror,1971,TV-14,2 Seasons,Australia"
"Title 731,TV Show,Action,1957,TV-14,2 Seasons,Australia"
"Title 732,Movie,Romance,2018,G,2 Seasons,South Korea"
"Title 733,TV Show,Horror,1953,TV-MA,137 min,India"
"Title 734,TV Show,Horror,1985,TV-14,168 min,South Korea"
"Title 735,Movie,Drama,1973,G,78 min,United States"
"Title 736,TV Show,Documentary,2018,G,120 min,India"
"Title 737,TV Show,Thriller,1954,TV-MA,2 Seasons,United States"
"Title 738,TV Show,Comedy,1971,TV-PG,1 Seasons,India"
"Title 739,Movie,Horror,1978,PG,157 min,South Korea"
"Title 740,Movie,Sci-Fi,1973,PG-13,163 min,South Korea"
"Title 741,Movie,Comedy,1973,TV-14,128 min,Germany"
"Title 742,Movie,Thriller,2001,G,175 min,South Korea"
"Title 743,Movie,Documentary,1977,G,2 Seasons,United States"
"Title 744,TV Show,Drama,1977,R,120 min,Australia"
"Title 745,TV Show,Documentary,1997,TV-PG,134 min,Germany"
"Title 746,TV Show,Drama,1986,TV-PG,76 min,United States"
"Title 747,Movie,Horror,2002,PG-13,3 Seasons,South Korea"
"Title 748,Movie,Thriller,1959,PG,130 min,South Korea"
"Title 749,TV Show,Action,1959,TV-PG,166 min,Canada"
"Title 750,Movie,Comedy,2023,PG,1 Seasons,Germany"
"Title 751,TV Show,Comedy,2005,PG,1 Seasons,Japan"
"Title 752,Movie,Drama,1968,TV-MA,172 min,Australia"
"Title 753,TV Show,Thriller,1960,PG-13,98 min,United States"
"Title 754,TV Show,Sci-Fi,2006,R,123 min,United States"
"Title 755,TV Show,Romance,2016,TV-14,2 Seasons,South Korea"
"Title 756,Movie,Romance,1963,R,2 Seasons,Australia"
"Title 757,Movie,Romance,2005,TV-14,104 min,India"
"Title 758,TV Show,Horror,1997,G,98 min,Germany"
"Title 759,Movie,Action,1973,TV-MA,3 Seasons,South Korea"
"Title 760,Movie,Horror,1979,TV-PG,165 min,Canada"
"Title 761,TV Show,Thriller,1973,TV-MA,1 Seasons,India"
"Title 762,Movie,Sci-Fi,1989,TV-14,1 Seasons,Canada"
"Title 763,TV Show,Thriller,2022,TV-14,1 Seasons,United Kingdom"
"Title 764,TV Show,Romance,2008,G,132 min,India"
"Title 765,TV Show,Documentary,1970,PG-13,2 Seasons,Australia"
"Title 766,Movie,Sci-Fi,2005,PG-13,2 Seasons,Canada"
"Title 767,Movie,Romance,1970,G,120 min,Canada"
"Title 768,Movie,Romance,1999,TV-MA,109 min,South Korea"
"Title 769,Movie,Sci-Fi,1999,R,129 min,Canada"
"Title 770,TV Show,Documentary,1991,G,81 min,Canada"
"Title 771,Movie,Thriller,1983,PG-13,1 Seasons,Australia"
"Title 772,TV Show,Thriller,1965,PG-13,3 Seasons,Australia"
"Title 773,Movie,Thriller,1950,PG,2 Seasons,United Kingdom"
"Title 774,TV Show,Sci-Fi,2003,TV-14,79 min,United Kingdom"
"Title 775,TV Show,Sci-Fi,1985,TV-PG,1 Seasons,Canada"
"Title 776,TV Show,Thriller,1983,G,1 Seasons,Japan"
"Title 777,Movie,Romance,1956,R,1 Seasons,South Korea"
"Title 778,TV Show,Horror,1957,R,139 min,South Korea"
"Title 779,TV Show,Action,2012,PG,62 min,United Kingdom"
"Title 780,Movie,Horror,2018,TV-MA,2 Seasons,Germany"
"Title 781,TV Show,Documentary,1970,G,3 Seasons,United Kingdom"
"Title 782,TV Show,Thriller,1970,R,116 min,United Kingdom"
"Title 783,TV Show,Comedy,1975,TV-14,126 min,India"
"Title 784,TV Show,Action,2000,TV-MA,1 Seasons,Australia"
"Title 785,Movie,Sci-Fi,1998,TV-PG,102 min,South Korea"
"Title 786,TV Show,Comedy,1971,TV-PG,135 min,United Kingdom"
"Title 787,Movie,Action,1999,TV-MA,1 Seasons,Canada"
"Title 788,TV Show,Action,1986,R,1 Seasons,Germany"
"Title 789,Movie,Romance,1956,G,134 min,India"
"Title 790,Movie,Thriller,1983,PG-13,3 Seasons,Australia"
"Title 791,Movie,Sci-Fi,1986,G,1 Seasons,Australia"
"Title 792,Movie,Drama,1993,TV-PG,3 Seasons,United States"
"Title 793,TV Show,Horror,2003,G,178 min,Germany"
"Title 794,TV Show,Sci-Fi,2010,TV-14,1 Seasons,Canada"
"Title 795,TV Show,Thriller,1982,PG-13,137 min,Canada"
"Title 796,Movie,Thriller,1957,PG,1 Seasons,Canada"
"Title 797,TV Show,Horror,2012,G,67 min,United States"
"Title 798,Movie,Horror,2021,R,2 Seasons,United States"
"Title 799,Movie,Thriller,2021,PG-13,180 min,South Korea"
"Title 800,Movie,Sci-Fi,2002,TV-MA,2 Seasons,Canada"
"Title 801,TV Show,Sci-Fi,2015,PG-13,3 Seasons,South Korea"
"Title 802,TV Show,Romance,2000,G,61 min,United States"
"Title 803,TV Show,Thriller,1987,R,63 min,United States"
"Title 804,Movie,Drama,1953,G,173 min,Canada"
"Title 805,Movie,Documentary,1985,TV-14,1 Seasons,United States"
"Title 806,TV Show,Action,2013,R,176 min,Germany"
"Title 807,Movie,Action,1997,TV-14,3 Seasons,Australia"
"Title 808,TV Show,Action,2013,TV-MA,2 Seasons,India"
"Title 809,TV Show,Sci-Fi,2023,TV-PG,164 min,United States"
"Title 810,TV Show,Romance,1988,G,76 min,Canada"
"Title 811,TV Show,Romance,1965,PG-13,66 min,Australia"
"Title 812,TV Show,Action,2018,PG,3 Seasons,India"
"Title 813,Movie,Drama,1951,PG,2 Seasons,India"
"Title 814,Movie,Romance,1994,TV-14,3 Seasons,United Kingdom"
"Title 815,TV Show,Sci-Fi,1991,TV-MA,74 min,Japan"
"Title 816,TV Show,Documentary,1999,TV-MA,75 min,South Korea"
"Title 817,Movie,Action,2009,TV-14,1 Seasons,India"
"Title 818,TV Show,Comedy,1961,G,131 min,United Kingdom"
"Title 819,Movie,Comedy,1985,PG-13,105 min,Canada"
"Title 820,Movie,Sci-Fi,1983,TV-PG,154 min,India"
"Title 821,Movie,Comedy,1969,TV-14,155 min,India"
"Title 822,Movie,Documentary,1961,TV-PG,122 min,United Kingdom"
"Title 823,TV Show,Action,1975,TV-PG,144 min,South Korea"
"Title 824,Movie,Sci-Fi,1956,TV-MA,1 Seasons,India"
"Title 825,Movie,Documentary,1982,G,137 min,India"
"Title 826,Movie,Action,1976,TV-14,3 Seasons,Canada"
"Title 827,Movie,Horror,1992,PG-13,152 min,United Kingdom"
"Title 828,TV Show,Comedy,1976,R,1 Seasons,Germany"
"Title 829,Movie,Drama,2008,TV-14,88 min,Canada"
"Title 830,Movie,Romance,1963,TV-14,3 Seasons,India"
"Title 831,TV Show,Thriller,1997,TV-14,131 min,India"
"Title 832,TV Show,Action,1980,TV-MA,93 min,United Kingdom"
"Title 833,Movie,Thriller,1966,TV-14,2 Seasons,United States"
"Title 834,TV Show,Action,2020,TV-MA,152 min,United Kingdom"
"Title 835,TV Show,Drama,1955,TV-14,2 Seasons,Australia"
"Title 836,TV Show,Action,1975,PG-13,3 Seasons,India"
"Title 837,Movie,Drama,1975,PG-13,175 min,India"
"Title 838,Movie,Thriller,1988,PG-13,103 min,Germany"
"Title 839,TV Show,Comedy,2009,TV-MA,3 Seasons,India"
"Title 840,TV Show,Documentary,2004,TV-MA,131 min,Australia"
"Title 841,Movie,Documentary,2017,TV-MA,1 Seasons,Germany"
"Title 842,Movie,Documentary,1983,TV-PG,130 min,Canada"
"Title 843,TV Show,Drama,1984,R,147 min,Japan"
"Title 844,TV Show,Sci-Fi,1973,PG,135 min,India"
"Title 845,TV Show,Comedy,1985,PG-13,178 min,India"
"Title 846,TV Show,Sci-Fi,2011,PG,2 Seasons,Canada"
"Title 847,TV Show,Comedy,2000,G,3 Seasons,Australia"
"Title 848,Movie,Documentary,2016,R,74 min,United Kingdom"
"Title 849,Movie,Drama,1990,PG-13,3 Seasons,Germany"
"Title 850,Movie,Sci-Fi,1990,R,111 min,Japan"
"Title 851,Movie,Thriller,1990,PG-13,106 min,United States"
"Title 852,TV Show,Thriller,2010,PG-13,2 Seasons,Australia"
"Title 853,TV Show,Sci-Fi,2007,PG-13,3 Seasons,Germany"
"Title 854,TV Show,Romance,1983,TV-PG,1 Seasons,Japan"
"Title 855,TV Show,Action,1979,TV-14,2 Seasons,India"
"Title 856,Movie,Sci-Fi,2002,PG-13,132 min,United Kingdom"
"Title 857,TV Show,Action,2004,R,164 min,Germany"
"Title 858,Movie,Drama,2021,PG,140 min,United Kingdom"
"Title 859,Movie,Action,1983,TV-PG,85 min,Japan"
"Title 860,TV Show,Sci-Fi,2011,R,2 Seasons,South Korea"
"Title 861,Movie,Romance,2020,PG-13,1 Seasons,Australia"
"Title 862,Movie,Comedy,1972,PG-13,2 Seasons,United Kingdom"
"Title 863,TV Show,Documentary,2000,PG,86 min,India"
"Title 864,TV Show,Comedy,2011,PG-13,169 min,United States"
"Title 865,TV Show,Drama,1998,TV-MA,153 min,Australia"
"Title 866,Movie,Horror,2019,TV-PG,146 min,Australia"
"Title 867,Movie,Comedy,1997,R,2 Seasons,Japan"
"Title 868,Movie,Drama,2007,G,3 Seasons,India"
"Title 869,TV Show,Drama,1971,TV-MA,154 min,Canada"
"Title 870,TV Show,Drama,2003,R,70 min,United Kingdom"
"Title 871,Movie,Comedy,1957,PG-13,60 min,South Korea"
"Title 872,TV Show,Sci-Fi,2003,R,3 Seasons,Germany"
"Title 873,TV Show,Action,2003,TV-PG,3 Seasons,United Kingdom"
"Title 874,Movie,Sci-Fi,2019,TV-14,2 Seasons,Japan"
"Title 875,TV Show,Action,1982,TV-14,3 Seasons,Canada"
"Title 876,TV Show,Thriller,1991,TV-PG,2 Seasons,United Kingdom"
"Title 877,TV Show,Sci-Fi,2012,R,1 Seasons,South Korea"
"Title 878,Movie,Action,1974,G,77 min,South Korea"
"Title 879,TV Show,Thriller,1994,TV-PG,1 Seasons,United Kingdom"
"Title 880,Movie,Action,1991,PG,130 min,Japan"
"Title 881,Movie,Comedy,1979,TV-MA,126 min,United Kingdom"
"Title 882,TV Show,Romance,1961,PG,3 Seasons,United Kingdom"
"Title 883,TV Show,Comedy,1988,TV-PG,140 min,United Kingdom"
"Title 884,TV Show,Sci-Fi,1950,TV-PG,2 Seasons,United States"
"Title 885,TV Show,Action,1962,TV-MA,134 min,Canada"
"Title 886,TV Show,Action,1980,PG,155 min,South Korea"
"Title 887,TV Show,Horror,1965,TV-MA,86 min,United States"
"Title 888,TV Show,Horror,2010,TV-MA,93 min,United States"
"Title 889,Movie,Comedy,1958,R,1 Seasons,Canada"
"Title 890,TV Show,Horror,1993,TV-14,3 Seasons,United Kingdom"
"Title 891,TV Show,Horror,2018,G,1 Seasons,Japan"
"Title 892,Movie,Horror,1995,R,71 min,India"
"Title 893,TV Show,Documentary,2013,R,3 Seasons,United Kingdom"
"Title 894,Movie,Horror,1963,PG-13,68 min,Germany"
"Title 895,Movie,Drama,1984,G,2 Seasons,United Kingdom"
"Title 896,Movie,Thriller,2019,PG,3 Seasons,Australia"
"Title 897,TV Show,Documentary,1959,G,2 Seasons,Germany"
"Title 898,Movie,Sci-Fi,1970,PG-13,169 min,United Kingdom"
"Title 899,Movie,Action,1979,PG-13,3 Seasons,Canada"
"Title 900,Movie,Thriller,1982,TV-14,3 Seasons,India"
"Title 901,Movie,Romance,1976,TV-14,62 min,United Kingdom"
"Title 902,Movie,Sci-Fi,1959,G,1 Seasons,South Korea"
"Title 903,Movie,Romance,1968,TV-14,1 Seasons,United Kingdom"
"Title 904,Movie,Action,1997,TV-PG,1 Seasons,South Korea"
"Title 905,Movie,Action,1964,TV-MA,124 min,India"
"Title 906,Movie,Documentary,2003,TV-PG,1 Seasons,Germany"
"Title 907,Movie,Horror,2014,PG-13,161 min,Japan"
"Title 908,TV Show,Drama,2006,PG,159 min,United Kingdom"
"Title 909,Movie,Action,1951,PG,63 min,Australia"
"Title 910,TV Show,Thriller,1966,TV-14,171 min,South Korea"
"Title 911,Movie,Documentary,1970,TV-MA,175 min,Australia"
"Title 912,Movie,Sci-Fi,1999,TV-14,97 min,United States"
"Title 913,Movie,Horror,2008,TV-14,152 min,Germany"
"Title 914,Movie,Comedy,1960,PG-13,3 Seasons,South Korea"
"Title 915,Movie,Romance,1970,TV-PG,77 min,Japan"
"Title 916,Movie,Documentary,1983,R,63 min,South Korea"
"Title 917,TV Show,Action,2018,PG,2 Seasons,India"
"Title 918,TV Show,Romance,1991,TV-14,3 Seasons,Australia"
"Title 919,Movie,Documentary,1961,G,113 min,Australia"
"Title 920,Movie,Action,1998,PG,121 min,Canada"
"Title 921,TV Show,Action,1972,TV-PG,1 Seasons,Australia"
"Title 922,TV Show,Horror,1954,PG,1 Seasons,India"
"Title 923,Movie,Documentary,1964,PG-13,91 min,Australia"
"Title 924,TV Show,Horror,2014,TV-PG,147 min,Canada"
"Title 925,Movie,Sci-Fi,1955,TV-PG,1 Seasons,Canada"
"Title 926,Movie,Drama,2020,TV-PG,2 Seasons,United States"
"Title 927,TV Show,Romance,1974,TV-14,2 Seasons,United Kingdom"
"Title 928,TV Show,Romance,2009,TV-14,2 Seasons,India"
"Title 929,Movie,Comedy,2002,TV-14,1 Seasons,United Kingdom"
"Title 930,TV Show,Comedy,2010,R,89 min,India"
"Title 931,Movie,Drama,1962,R,2 Seasons,Australia"
"Title 932,TV Show,Romance,1970,TV-MA,1 Seasons,Canada"
"Title 933,Movie,Drama,1953,TV-14,99 min,Germany"
"Title 934,TV Show,Romance,1966,G,2 Seasons,Germany"
"Title 935,TV Show,Thriller,1952,TV-14,1 Seasons,United States"
"Title 936,TV Show,Comedy,1952,TV-14,2 Seasons,Japan"
"Title 937,Movie,Horror,1953,TV-MA,175 min,Canada"
"Title 938,TV Show,Documentary,1986,PG,2 Seasons,South Korea"
"Title 939,Movie,Drama,2007,R,3 Seasons,Canada"
"Title 940,Movie,Thriller,1973,TV-14,85 min,India"
"Title 941,Movie,Horror,2019,TV-MA,1 Seasons,Germany"
"Title 942,Movie,Thriller,2005,TV-MA,115 min,United Kingdom"
"Title 943,TV Show,Drama,1998,TV-14,3 Seasons,United States"
"Title 944,TV Show,Drama,1962,PG-13,169 min,Australia"
"Title 945,TV Show,Drama,2021,TV-MA,1 Seasons,United States"
"Title 946,TV Show,Romance,2014,TV-14,2 Seasons,Australia"
"Title 947,TV Show,Drama,1979,R,66 min,South Korea"
"Title 948,Movie,Documentary,2010,R,2 Seasons,South Korea"
"Title 949,TV Show,Thriller,2014,TV-MA,2 Seasons,Canada"
"Title 950,TV Show,Romance,1968,TV-14,3 Seasons,Japan"
"Title 951,TV Show,Romance,1986,PG-13,1 Seasons,India"
"Title 952,TV Show,Horror,1983,TV-PG,1 Seasons,Germany"
"Title 953,Movie,Horror,1986,TV-14,1 Seasons,Canada"
"Title 954,TV Show,Romance,1953,TV-MA,79 min,Japan"
"Title 955,Movie,Drama,2021,TV-14,3 Seasons,United States"
"Title 956,Movie,Romance,1959,PG-13,126 min,United States"
"Title 957,TV Show,Documentary,1996,G,2 Seasons,Australia"
"Title 958,TV Show,Thriller,1950,PG-13,138 min,Canada"
"Title 959,Movie,Documentary,2003,TV-14,3 Seasons,Japan"
"Title 960,TV Show,Comedy,1953,G,3 Seasons,India"
"Title 961,TV Show,Documentary,1959,TV-PG,133 min,South Korea"
"Title 962,Movie,Documentary,1966,TV-PG,104 min,United States"
"Title 963,TV Show,Comedy,2023,G,143 min,Germany"
"Title 964,TV Show,Documentary,1953,TV-MA,135 min,Canada"
"Title 965,Movie,Horror,1978,PG,2 Seasons,United Kingdom"
"Title 966,TV Show,Sci-Fi,1999,R,2 Seasons,Canada"
"Title 967,TV Show,Thriller,2011,TV-PG,145 min,Japan"
"Title 968,Movie,Thriller,1973,TV-PG,164 min,South Korea"
"Title 969,Movie,Documentary,1987,R,1 Seasons,India"
"Title 970,Movie,Horror,1960,R,2 Seasons,India"
"Title 971,Movie,Action,1969,TV-14,64 min,Germany"
"Title 972,TV Show,Comedy,1972,TV-MA,1 Seasons,Japan"
"Title 973,Movie,Documentary,1973,TV-PG,92 min,South Korea"
"Title 974,Movie,Horror,2013,TV-PG,82 min,Canada"
"Title 975,Movie,Thriller,2022,G,1 Seasons,Japan"
"Title 976,TV Show,Horror,1988,G,164 min,South Korea"
"Title 977,TV Show,Drama,1995,TV-14,132 min,Japan"
"Title 978,Movie,Thriller,2016,G,2 Seasons,Germany"
"Title 979,Movie,Romance,2019,TV-14,2 Seasons,South Korea"
"Title 980,TV Show,Comedy,2007,PG,2 Seasons,Australia"
"Title 981,TV Show,Documentary,1963,R,3 Seasons,South Korea"
"Title 982,Movie,Documentary,1957,PG-13,3 Seasons,United Kingdom"
"Title 983,TV Show,Action,2009,R,3 Seasons,Australia"
"Title 984,TV Show,Thriller,2002,TV-PG,117 min,Canada"
"Title 985,TV Show,Romance,1997,R,2 Seasons,Germany"
"Title 986,Movie,Thriller,1959,R,122 min,Japan"
"Title 987,Movie,Action,1981,PG,1 Seasons,South Korea"
"Title 988,Movie,Comedy,1992,TV-MA,153 min,South Korea"
"Title 989,Movie,Thriller,1979,TV-PG,2 Seasons,India"
"Title 990,Movie,Comedy,2005,R,3 Seasons,Australia"
"Title 991,TV Show,Action,1992,TV-14,167 min,Germany"
"Title 992,Movie,Horror,1989,PG-13,2 Seasons,United States"
"Title 993,Movie,Thriller,1995,TV-MA,173 min,South Korea"
"Title 994,Movie,Action,2003,TV-MA,73 min,Japan"
"Title 995,TV Show,Thriller,1959,R,2 Seasons,United Kingdom"
"Title 996,TV Show,Sci-Fi,1996,G,1 Seasons,Canada"
"Title 997,TV Show,Horror,1954,TV-MA,84 min,Japan"
"Title 998,Movie,Sci-Fi,2020,PG-13,127 min,Japan"
"Title 999,TV Show,Comedy,1983,TV-MA,2 Seasons,United States"
"Title 1000,TV Show,Sci-Fi,2021,TV-PG,116 min,Australia"
"Title 1001,Movie,Romance,2012,PG,137 min,Australia"
"Title 1002,Movie,Comedy,2022,R,110 min,Germany"
"Title 1003,Movie,Documentary,1992,TV-PG,2 Seasons,Canada"
"Title 1004,TV Show,Horror,1981,TV-14,2 Seasons,Australia"
"Title 1005,TV Show,Comedy,1996,R,103 min,United States"
"Title 1006,Movie,Drama,2018,TV-PG,69 min,India"
"Title 1007,TV Show,Comedy,1972,G,3 Seasons,Japan"
"Title 1008,Movie,Sci-Fi,1959,PG-13,75 min,India"
"Title 1009,TV Show,Thriller,2016,R,87 min,Germany"
"Title 1010,TV Show,Documentary,2022,PG-13,119 min,Australia"
"Title 1011,TV Show,Thriller,1967,PG-13,3 Seasons,Australia"
"Title 1012,TV Show,Comedy,2007,G,74 min,Australia"
"Title 1013,TV Show,Thriller,1972,R,148 min,United Kingdom"
"Title 1014,Movie,Comedy,1981,TV-MA,167 min,Australia"
"Title 1015,TV Show,Action,2012,PG-13,137 min,India"
"Title 1016,TV Show,Sci-Fi,1976,R,2 Seasons,United States"
"Title 1017,TV Show,Drama,2022,PG,105 min,Canada"
"Title 1018,TV Show,Drama,1958,G,105 min,United Kingdom"
"Title 1019,TV Show,Sci-Fi,1983,PG-13,78 min,Germany"
"Title 1020,Movie,Thriller,2010,TV-MA,1 Seasons,Australia"
"Title 1021,TV Show,Thriller,1999,TV-MA,2 Seasons,United Kingdom"
"Title 1022,TV Show,Horror,1956,TV-14,2 Seasons,United Kingdom"
"Title 1023,Movie,Thriller,1996,PG-13,134 min,Canada"
"Title 1024,Movie,Comedy,1957,TV-PG,3 Seasons,Australia"
"Title 1025,Movie,Comedy,1980,PG,1 Seasons,Germany"
"Title 1026,Movie,Horror,1950,TV-14,3 Seasons,Germany"
"Title 1027,Movie,Horror,1958,TV-14,143 min,Japan"
"Title 1028,Movie,Documentary,1958,G,82 min,South Korea"
"Title 1029,Movie,Romance,1980,TV-14,177 min,India"
"Title 1030,Movie,Comedy,2021,TV-14,1 Seasons,Australia"
"Title 1031,TV Show,Sci-Fi,1971,R,1 Seasons,Germany"
"Title 1032,Movie,Romance,2023,R,91 min,United Kingdom"
"Title 1033,TV Show,Action,1977,TV-MA,1 Seasons,India"
"Title 1034,Movie,Romance,1977,TV-14,3 Seasons,Japan"
"Title 1035,TV Show,Sci-Fi,2000,TV-14,3 Seasons,India"
"Title 1036,TV Show,Romance,2021,TV-PG,108 min,India"
"Title 1037,Movie,Horror,2004,PG-13,87 min,United Kingdom"
"Title 1038,Movie,Horror,1984,R,85 min,Japan"
"Title 1039,TV Show,Romance,2004,TV-PG,1 Seasons,South Korea"
"Title 1040,Movie,Action,2020,TV-14,162 min,United States"
"Title 1041,TV Show,Documentary,2017,TV-14,3 Seasons,United Kingdom"
"Title 1042,TV Show,Action,1982,R,2 Seasons,South Korea"
"Title 1043,Movie,Comedy,2021,TV-MA,103 min,India"
"Title 1044,TV Show,Drama,1984,TV-MA,101 min,United Kingdom"
"Title 1045,TV Show,Thriller,2014,TV-MA,1 Seasons,Germany"
"Title 1046,Movie,Drama,2020,PG,1 Seasons,Japan"
"Title 1047,TV Show,Horror,1981,TV-PG,1 Seasons,Germany"
"Title 1048,TV Show,Sci-Fi,2004,TV-14,73 min,Canada"
"Title 1049,Movie,Action,1997,TV-PG,1 Seasons,United States"
"Title 1050,Movie,Thriller,1960,R,173 min,Japan"
"Title 1051,Movie,Comedy,1998,R,158 min,United States"
"Title 1052,TV Show,Horror,1966,TV-MA,1 Seasons,India"
"Title 1053,TV Show,Documentary,1960,R,80 min,Canada"
"Title 1054,TV Show,Romance,1959,R,90 min,Germany"
"Title 1055,Movie,Drama,2019,TV-PG,131 min,South Korea"
"Title 1056,TV Show,Documentary,1999,R,2 Seasons,Australia"
"Title 1057,TV Show,Horror,1981,G,1 Seasons,United Kingdom"
"Title 1058,TV Show,Action,2005,TV-PG,153 min,South Korea"
"Title 1059,TV Show,Thriller,1982,TV-MA,175 min,Japan"
"Title 1060,TV Show,Comedy,1970,G,2 Seasons,Japan"
"Title 1061,Movie,Documentary,1995,TV-14,78 min,Japan"
"Title 1062,Movie,Romance,1996,PG,3 Seasons,Australia"
"Title 1063,Movie,Thriller,1967,TV-PG,130 min,India"
"Title 1064,TV Show,Comedy,1987,G,108 min,United Kingdom"
"Title 1065,Movie,Comedy,1963,TV-PG,3 Seasons,Germany"
"Title 1066,Movie,Horror,1979,PG,94 min,Japan"
"Title 1067,Movie,Comedy,2010,TV-MA,85 min,South Korea"
"Title 1068,TV Show,Thriller,1993,TV-14,1 Seasons,United Kingdom"
"Title 1069,TV Show,Horror,1966,R,148 min,India"
"Title 1070,Movie,Horror,2004,PG,74 min,Japan"
"Title 1071,Movie,Drama,2023,TV-MA,1 Seasons,United Kingdom"
"Title 1072,TV Show,Drama,2003,PG-13,148 min,Canada"
"Title 1073,TV Show,Thriller,1985,TV-PG,2 Seasons,Australia"
"Title 1074,Movie,Horror,1957,R,154 min,Japan"
"Title 1075,TV Show,Sci-Fi,1990,G,2 Seasons,United States"
"Title 1076,Movie,Comedy,1964,PG,3 Seasons,Canada"
"Title 1077,Movie,Comedy,1966,TV-PG,3 Seasons,Australia"
"Title 1078,TV Show,Drama,2020,R,1 Seasons,Canada"
"Title 1079,TV Show,Horror,1964,PG,129 min,South Korea"
"Title 1080,Movie,Romance,1965,PG-13,169 min,United States"
"Title 1081,TV Show,Action,1951,G,3 Seasons,Germany"
"Title 1082,Movie,Sci-Fi,1982,PG-13,101 min,India"
"Title 1083,Movie,Sci-Fi,1965,G,2 Seasons,Germany"
"Title 1084,Movie,Action,1995,TV-MA,75 min,Australia"
"Title 1085,TV Show,Documentary,1971,TV-MA,176 min,United Kingdom"
"Title 1086,TV Show,Drama,1953,PG-13,172 min,South Korea"
"Title 1087,TV Show,Drama,1993,TV-MA,97 min,Germany"
"Title 1088,Movie,Comedy,2023,G,123 min,Australia"
"Title 1089,TV Show,Comedy,2013,G,115 min,United States"
"Title 1090,TV Show,Romance,1989,G,77 min,Japan"
"Title 1091,Movie,Drama,2001,PG,85 min,Canada"
"Title 1092,TV Show,Comedy,2008,G,1 Seasons,Canada"
"Title 1093,Movie,Horror,1979,TV-MA,117 min,Germany"
"Title 1094,TV Show,Sci-Fi,1957,TV-PG,97 min,Australia"
"Title 1095,Movie,Action,1992,PG,1 Seasons,United Kingdom"
"Title 1096,Movie,Horror,1995,PG,104 min,Canada"
"Title 1097,Movie,Horror,1968,PG-13,2 Seasons,South Korea"
"Title 1098,TV Show,Sci-Fi,2019,PG-13,107 min,Japan"
"Title 1099,Movie,Comedy,1993,R,2 Seasons,India"
"Title 1100,Movie,Horror,1981,PG-13,108 min,South Korea"
"Title 1101,TV Show,Documentary,2012,R,2 Seasons,Japan"
"Title 1102,Movie,Drama,1997,PG,1 Seasons,United States"
"Title 1103,Movie,Documentary,2016,PG,2 Seasons,Germany"
"Title 1104,TV Show,Horror,1992,R,3 Seasons,United States"
"Title 1105,TV Show,Romance,2012,TV-14,175 min,India"
"Title 1106,Movie,Romance,1952,TV-14,3 Seasons,United States"
"Title 1107,TV Show,Comedy,2004,PG-13,3 Seasons,India"
"Title 1108,Movie,Drama,1954,TV-MA,108 min,South Korea"
"Title 1109,Movie,Thriller,1966,TV-PG,2 Seasons,India"
"Title 1110,Movie,Thriller,1956,PG-13,1 Seasons,United States"
"Title 1111,Movie,Romance,1988,G,1 Seasons,Australia"
"Title 1112,TV Show,Comedy,1978,PG,2 Seasons,United States"
"Title 1113,TV Show,Sci-Fi,2013,R,2 Seasons,United Kingdom"
"Title 1114,TV Show,Romance,2017,PG,153 min,India"
"Title 1115,TV Show,Drama,2019,PG,125 min,United Kingdom"
"Title 1116,Movie,Horror,1986,PG,3 Seasons,Australia"
"Title 1117,Movie,Thriller,1955,TV-MA,141 min,Australia"
"Title 1118,TV Show,Documentary,1973,PG,109 min,Canada"
"Title 1119,TV Show,Sci-Fi,1989,PG,155 min,Canada"
"Title 1120,TV Show,Sci-Fi,1983,TV-PG,128 min,United States"
"Title 1121,Movie,Sci-Fi,1996,R,1 Seasons,Japan"
"Title 1122,TV Show,Documentary,1977,TV-PG,103 min,India"
"Title 1123,Movie,Romance,1979,TV-14,100 min,United Kingdom"
"Title 1124,TV Show,Action,1975,G,1 Seasons,South Korea"
"Title 1125,TV Show,Horror,1996,TV-MA,121 min,Canada"
"Title 1126,Movie,Drama,1965,PG,2 Seasons,Germany"
"Title 1127,Movie,Horror,2010,PG-13,163 min,South Korea"
"Title 1128,TV Show,Action,2017,G,3 Seasons,United Kingdom"
"Title 1129,TV Show,Sci-Fi,1975,PG,2 Seasons,United States"
"Title 1130,TV Show,Thriller,1992,G,78 min,South Korea"
"Title 1131,Movie,Romance,1976,PG-13,117 min,United States"
"Title 1132,TV Show,Romance,2001,PG,1 Seasons,South Korea"
"Title 1133,TV Show,Documentary,1950,TV-14,79 min,United Kingdom"
"Title 1134,TV Show,Documentary,2015,PG,169 min,Canada"
"Title 1135,TV Show,Thriller,2007,PG-13,3 Seasons,Canada"
"Title 1136,Movie,Thriller,1966,PG-13,1 Seasons,India"
"Title 1137,Movie,Thriller,2013,TV-MA,2 Seasons,United Kingdom"
"Title 1138,Movie,Romance,1980,TV-14,176 min,India"
"Title 1139,TV Show,Thriller,1971,TV-14,2 Seasons,India"
"Title 1140,TV Show,Documentary,1969,G,164 min,United Kingdom"
"Title 1141,Movie,Drama,1955,TV-14,3 Seasons,Australia"
"Title 1142,Movie,Comedy,1975,PG-13,1 Seasons,United States"
"Title 1143,TV Show,Comedy,2018,R,146 min,South Korea"
"Title 1144,TV Show,Thriller,2020,G,105 min,United Kingdom"
"Title 1145,Movie,Comedy,2011,R,118 min,South Korea"
"Title 1146,TV Show,Romance,2014,R,82 min,United Kingdom"
"Title 1147,TV Show,Thriller,2018,TV-14,3 Seasons,Australia"
"Title 1148,TV Show,Documentary,2020,TV-PG,2 Seasons,India"
"Title 1149,TV Show,Thriller,1972,R,97 min,South Korea"
"Title 1150,Movie,Comedy,1963,TV-14,163 min,Canada"
"Title 1151,Movie,Action,1990,TV-MA,1 Seasons,Australia"
"Title 1152,Movie,Drama,1988,PG-13,119 min,Germany"
"Title 1153,Movie,Drama,2006,R,1 Seasons,South Korea"
"Title 1154,TV Show,Comedy,2013,PG-13,141 min,Japan"
"Title 1155,TV Show,Horror,1954,G,111 min,Germany"
"Title 1156,TV Show,Thriller,1982,G,2 Seasons,Australia"
"Title 1157,Movie,Drama,1988,PG,2 Seasons,Japan"
"Title 1158,TV Show,Comedy,1993,PG,148 min,India"
"Title 1159,Movie,Romance,1988,PG-13,156 min,Germany"
"Title 1160,TV Show,Comedy,1985,TV-PG,143 min,Germany"
"Title 1161,TV Show,Documentary,1986,R,1 Seasons,United Kingdom"
"Title 1162,Movie,Comedy,1980,R,156 min,Australia"
"Title 1163,TV Show,Documentary,1963,PG-13,2 Seasons,India"
"Title 1164,TV Show,Drama,1950,TV-14,3 Seasons,Germany"
"Title 1165,TV Show,Action,1976,R,3 Seasons,Canada"
"Title 1166,TV Show,Drama,1964,TV-MA,1 Seasons,Japan"
"Title 1167,Movie,Horror,1959,PG,3 Seasons,United Kingdom"
"Title 1168,Movie,Comedy,1980,TV-14,3 Seasons,South Korea"
"Title 1169,TV Show,Horror,2023,G,154 min,South Korea"
"Title 1170,TV Show,Documentary,2022,TV-14,86 min,India"
"Title 1171,TV Show,Thriller,2000,TV-MA,1 Seasons,United States"
"Title 1172,TV Show,Drama,1969,TV-PG,158 min,Germany"
"Title 1173,Movie,Action,1975,TV-MA,3 Seasons,Australia"
"Title 1174,Movie,Documentary,2002,PG,3 Seasons,India"
"Title 1175,TV Show,Drama,1986,TV-MA,1 Seasons,United Kingdom"
"Title 1176,Movie,Horror,1982,TV-14,2 Seasons,Australia"
"Title 1177,TV Show,Romance,1963,PG,102 min,South Korea"
"Title 1178,TV Show,Sci-Fi,1989,TV-PG,91 min,United States"
"Title 1179,Movie,Thriller,2018,TV-PG,164 min,Canada"
"Title 1180,Movie,Documentary,1970,PG-13,139 min,United Kingdom"
"Title 1181,TV Show,Documentary,1976,TV-14,64 min,Australia"
"Title 1182,Movie,Comedy,1992,PG-13,2 Seasons,Germany"
"Title 1183,Movie,Drama,1989,PG,2 Seasons,South Korea"
"Title 1184,Movie,Comedy,1985,R,1 Seasons,United Kingdom"
"Title 1185,Movie,Romance,2023,TV-MA,72 min,Japan"
"Title 1186,Movie,Documentary,2014,G,1 Seasons,United Kingdom"
"Title 1187,TV Show,Thriller,1967,PG-13,3 Seasons,United States"
"Title 1188,TV Show,Horror,2011,PG,74 min,United States"
"Title 1189,TV Show,Drama,1977,TV-14,1 Seasons,Germany"
"Title 1190,TV Show,Action,1978,TV-MA,2 Seasons,Japan"
"Title 1191,Movie,Thriller,1953,TV-MA,3 Seasons,Japan"
"Title 1192,Movie,Horror,1973,PG,154 min,South Korea"
"Title 1193,TV Show,Comedy,1999,PG,173 min,United Kingdom"
"Title 1194,Movie,Drama,1993,PG,3 Seasons,South Korea"
"Title 1195,TV Show,Drama,1950,TV-14,2 Seasons,United States"
"Title 1196,Movie,Comedy,1975,PG-13,80 min,South Korea"
"Title 1197,TV Show,Thriller,1969,TV-14,65 min,Australia"
"Title 1198,Movie,Horror,1955,G,3 Seasons,United States"
"Title 1199,TV Show,Documentary,1966,R,110 min,United States"
"Title 1200,TV Show,Horror,1952,TV-14,2 Seasons,Canada"
"Title 1201,Movie,Horror,1959,G,128 min,Japan"
"Title 1202,TV Show,Action,1980,PG,3 Seasons,Canada"
"Title 1203,TV Show,Comedy,1963,R,109 min,Canada"
"Title 1204,TV Show,Comedy,1990,TV-MA,84 min,United States"
"Title 1205,Movie,Action,1973,TV-14,167 min,Canada"
"Title 1206,Movie,Thriller,1970,TV-PG,77 min,United Kingdom"
"Title 1207,TV Show,Action,1977,TV-PG,3 Seasons,United Kingdom"
"Title 1208,Movie,Comedy,2011,PG-13,1 Seasons,Germany"
"Title 1209,Movie,Comedy,2013,R,3 Seasons,Germany"
"Title 1210,TV Show,Action,1976,PG-13,109 min,Japan"
"Title 1211,TV Show,Comedy,1971,TV-14,2 Seasons,United Kingdom"
"Title 1212,TV Show,Horror,1976,R,2 Seasons,United Kingdom"
"Title 1213,Movie,Horror,1983,TV-MA,104 min,Australia"
"Title 1214,Movie,Horror,1951,G,1 Seasons,Germany"
"Title 1215,TV Show,Horror,2006,PG,60 min,United Kingdom"
"Title 1216,TV Show,Documentary,1992,R,2 Seasons,United Kingdom"
"Title 1217,Movie,Documentary,1978,R,117 min,India"
"Title 1218,TV Show,Drama,2017,TV-PG,150 min,Germany"
"Title 1219,TV Show,Documentary,1987,TV-PG,146 min,Japan"
"Title 1220,TV Show,Drama,2022,TV-MA,67 min,United States"
"Title 1221,Movie,Sci-Fi,2020,PG-13,1 Seasons,United States"
"Title 1222,TV Show,Romance,1969,R,3 Seasons,United States"
"Title 1223,TV Show,Action,1978,PG,119 min,Canada"
"Title 1224,Movie,Drama,1969,G,1 Seasons,Canada"
"Title 1225,TV Show,Comedy,1962,G,3 Seasons,United States"
"Title 1226,TV Show,Romance,2016,TV-PG,90 min,South Korea"
"Title 1227,Movie,Horror,1956,PG,2 Seasons,United Kingdom"
"Title 1228,TV Show,Horror,1988,TV-PG,141 min,United States"
"Title 1229,Movie,Thriller,1982,G,132 min,Germany"
"Title 1230,TV Show,Comedy,1962,TV-PG,167 min,India"
"Title 1231,Movie,Action,1959,TV-14,1 Seasons,Japan"
"Title 1232,Movie,Thriller,1957,PG-13,69 min,Australia"
"Title 1233,Movie,Action,1989,PG,3 Seasons,Canada"
"Title 1234,TV Show,Romance,1990,TV-14,143 min,Canada"
"Title 1235,TV Show,Thriller,1954,R,109 min,United States"
"Title 1236,Movie,Action,1968,TV-MA,121 min,South Korea"
"Title 1237,Movie,Thriller,1954,PG-13,103 min,India"
"Title 1238,Movie,Horror,1998,TV-14,165 min,Japan"
"Title 1239,TV Show,Comedy,1997,TV-PG,3 Seasons,Germany"
"Title 1240,Movie,Drama,1979,TV-MA,98 min,Japan"
"Title 1241,TV Show,Documentary,2007,TV-MA,119 min,Japan"
"Title 1242,TV Show,Sci-Fi,1969,TV-14,2 Seasons,Canada"
"Title 1243,TV Show,Comedy,1975,TV-14,147 min,Canada"
"Title 1244,Movie,Action,1976,TV-PG,72 min,Australia"
"Title 1245,Movie,Action,2012,TV-MA,91 min,India"
"Title 1246,TV Show,Romance,1954,TV-14,73 min,United Kingdom"
"Title 1247,Movie,Drama,1966,G,1 Seasons,South Korea"
"Title 1248,TV Show,Drama,2009,R,177 min,Australia"
"Title 1249,Movie,Thriller,1976,TV-14,2 Seasons,Germany"
"Title 1250,Movie,Action,1989,G,2 Seasons,United Kingdom"
"Title 1251,TV Show,Romance,1979,PG,61 min,South Korea"
"Title 1252,Movie,Sci-Fi,1951,TV-MA,2 Seasons,United Kingdom"
"Title 1253,TV Show,Thriller,1970,TV-PG,2 Seasons,Australia"
"Title 1254,Movie,Drama,1967,PG-13,2 Seasons,Canada"
"Title 1255,Movie,Horror,2003,R,177 min,South Korea"
"Title 1256,TV Show,Horror,1983,TV-MA,172 min,Canada"
"Title 1257,TV Show,Sci-Fi,1985,G,1 Seasons,South Korea"
"Title 1258,Movie,Comedy,2012,TV-PG,1 Seasons,Canada"
"Title 1259,Movie,Thriller,2010,TV-MA,144 min,United States"
"Title 1260,Movie,Sci-Fi,1982,PG-13,169 min,India"
"Title 1261,TV Show,Drama,1956,PG-13,171 min,South Korea"
"Title 1262,TV Show,Sci-Fi,2005,PG-13,68 min,India"
"Title 1263,Movie,Documentary,1959,TV-MA,70 min,India"
"Title 1264,TV Show,Drama,1962,G,3 Seasons,India"
"Title 1265,TV Show,Action,1958,TV-14,1 Seasons,Germany"
"Title 1266,TV Show,Horror,1962,TV-PG,2 Seasons,Germany"
"Title 1267,Movie,Drama,1963,R,74 min,South Korea"
"Title 1268,Movie,Drama,1974,TV-MA,152 min,Germany"
"Title 1269,Movie,Thriller,2007,PG,2 Seasons,South Korea"
"Title 1270,TV Show,Documentary,1985,G,170 min,Germany"
"Title 1271,Movie,Comedy,1978,TV-PG,1 Seasons,India"
"Title 1272,Movie,Horror,1960,TV-PG,2 Seasons,Germany"
"Title 1273,Movie,Horror,1958,PG-13,3 Seasons,Canada"
"Title 1274,TV Show,Sci-Fi,1963,R,148 min,Japan"
"Title 1275,Movie,Romance,1997,TV-14,2 Seasons,South Korea"
"Title 1276,TV Show,Romance,2012,TV-14,60 min,United States"
"Title 1277,Movie,Documentary,1983,TV-PG,63 min,India"
"Title 1278,TV Show,Romance,2001,PG,1 Seasons,Australia"
"Title 1279,Movie,Romance,2002,TV-14,122 min,South Korea"
"Title 1280,TV Show,Sci-Fi,1965,TV-MA,3 Seasons,United Kingdom"
"Title 1281,TV Show,Action,1972,R,111 min,Australia"
"Title 1282,TV Show,Horror,1977,R,161 min,Canada"
"Title 1283,Movie,Documentary,1992,TV-MA,112 min,Canada"
"Title 1284,TV Show,Horror,2001,PG-13,85 min,South Korea"
"Title 1285,TV Show,Thriller,2000,PG,139 min,Japan"
"Title 1286,TV Show,Sci-Fi,1988,R,3 Seasons,United Kingdom"
"Title 1287,TV Show,Horror,1950,R,128 min,Germany"
"Title 1288,Movie,Documentary,1957,R,3 Seasons,Japan"
"Title 1289,Movie,Comedy,2011,TV-PG,1 Seasons,United Kingdom"
"Title 1290,TV Show,Horror,1972,PG,2 Seasons,Germany"
"Title 1291,TV Show,Comedy,2020,TV-MA,2 Seasons,Germany"
"Title 1292,Movie,Drama,1991,G,2 Seasons,Canada"
"Title 1293,Movie,Documentary,2021,G,97 min,India"
"Title 1294,Movie,Thriller,2021,TV-PG,2 Seasons,India"
"Title 1295,TV Show,Action,1975,TV-MA,74 min,Japan"
"Title 1296,Movie,Romance,2018,PG-13,2 Seasons,India"
"Title 1297,Movie,Sci-Fi,1988,TV-MA,2 Seasons,Canada"
"Title 1298,TV Show,Action,1990,TV-14,154 min,India"
"Title 1299,Movie,Documentary,1983,TV-MA,104 min,United Kingdom"
"Title 1300,TV Show,Comedy,1986,TV-14,2 Seasons,Japan"
"Title 1301,TV Show,Thriller,2006,TV-MA,97 min,India"
"Title 1302,TV Show,Comedy,2018,R,134 min,Canada"
"Title 1303,Movie,Romance,1959,TV-14,81 min,South Korea"
"Title 1304,TV Show,Drama,2002,G,174 min,South Korea"
"Title 1305,TV Show,Drama,1980,TV-14,1 Seasons,United States"
"Title 1306,TV Show,Drama,1996,TV-14,2 Seasons,United States"
"Title 1307,TV Show,Sci-Fi,1966,TV-PG,178 min,India"
"Title 1308,Movie,Action,1998,TV-14,174 min,Canada"
"Title 1309,TV Show,Thriller,1994,G,2 Seasons,Japan"
"Title 1310,TV Show,Thriller,1979,TV-PG,158 min,Japan"
"Title 1311,Movie,Thriller,1996,TV-14,164 min,Germany"
"Title 1312,Movie,Horror,2011,R,180 min,Germany"
"Title 1313,TV Show,Comedy,2008,PG,143 min,United States"
"Title 1314,Movie,Horror,2002,R,2 Seasons,India"
"Title 1315,Movie,Comedy,1994,R,107 min,Germany"
"Title 1316,TV Show,Drama,1986,PG,2 Seasons,South Korea"
"Title 1317,Movie,Comedy,1952,PG-13,1 Seasons,India"
"Title 1318,TV Show,Thriller,1986,PG-13,178 min,Australia"
"Title 1319,TV Show,Comedy,1974,R,2 Seasons,South Korea"
"Title 1320,TV Show,Sci-Fi,2022,TV-14,1 Seasons,South Korea"
"Title 1321,TV Show,Action,1950,G,157 min,Japan"
"Title 1322,Movie,Action,1964,TV-MA,173 min,Canada"
"Title 1323,TV Show,Documentary,1975,TV-PG,83 min,India"
"Title 1324,Movie,Documentary,1993,TV-14,2 Seasons,Canada"
"Title 1325,TV Show,Horror,1970,PG,1 Seasons,United States"
"Title 1326,TV Show,Horror,2018,PG,134 min,Australia"
"Title 1327,TV Show,Documentary,1975,PG,3 Seasons,India"
"Title 1328,TV Show,Thriller,1965,G,2 Seasons,United Kingdom"
"Title 1329,TV Show,Action,2005,PG,175 min,Japan"
"Title 1330,Movie,Romance,1992,G,1 Seasons,United Kingdom"
"Title 1331,Movie,Thriller,1992,PG,1 Seasons,Australia"
"Title 1332,Movie,Comedy,1987,PG-13,105 min,Australia"
"Title 1333,Movie,Action,1990,TV-PG,2 Seasons,Canada"
"Title 1334,TV Show,Horror,2004,TV-MA,1 Seasons,United States"
"Title 1335,TV Show,Action,1972,R,73 min,Japan"
"Title 1336,TV Show,Romance,1954,PG,2 Seasons,United Kingdom"
"Title 1337,Movie,Comedy,1980,TV-14,103 min,United Kingdom"
"Title 1338,TV Show,Documentary,1951,TV-14,2 Seasons,Germany"
"Title 1339,TV Show,Horror,1950,R,2 Seasons,United States"
"Title 1340,TV Show,Documentary,1985,R,162 min,Japan"
"Title 1341,TV Show,Action,2010,PG,116 min,Canada"
"Title 1342,TV Show,Thriller,1957,TV-PG,155 min,Australia"
"Title 1343,TV Show,Documentary,2013,PG,79 min,South Korea"
"Title 1344,Movie,Thriller,1985,G,3 Seasons,Japan"
"Title 1345,TV Show,Romance,1960,G,2 Seasons,Canada"
"Title 1346,TV Show,Romance,1987,PG,3 Seasons,Japan"
"Title 1347,TV Show,Romance,1973,G,3 Seasons,Japan"
"Title 1348,TV Show,Romance,1950,G,1 Seasons,Germany"
"Title 1349,TV Show,Sci-Fi,2019,PG-13,84 min,India"
"Title 1350,Movie,Romance,2009,G,121 min,India"
"Title 1351,TV Show,Horror,2017,PG-13,180 min,Germany"
"Title 1352,Movie,Drama,1994,TV-MA,103 min,United States"
"Title 1353,TV Show,Romance,2011,TV-PG,177 min,Australia"
"Title 1354,TV Show,Drama,2012,TV-PG,121 min,Australia"
"Title 1355,TV Show,Action,2018,TV-MA,1 Seasons,South Korea"
"Title 1356,Movie,Comedy,1992,PG,3 Seasons,South Korea"
"Title 1357,TV Show,Comedy,1980,TV-MA,66 min,United Kingdom"
"Title 1358,TV Show,Romance,1957,PG-13,1 Seasons,Japan"
"Title 1359,Movie,Romance,1980,TV-MA,2 Seasons,Germany"
"Title 1360,Movie,Action,1959,PG,106 min,India"
"Title 1361,Movie,Action,1993,TV-14,2 Seasons,United Kingdom"
"Title 1362,Movie,Thriller,2004,PG,123 min,United Kingdom"
"Title 1363,TV Show,Sci-Fi,1979,PG,2 Seasons,Australia"
"Title 1364,Movie,Thriller,1975,TV-MA,3 Seasons,South Korea"
"Title 1365,Movie,Sci-Fi,1961,G,3 Seasons,United States"
"Title 1366,Movie,Action,2000,TV-14,178 min,Australia"
"Title 1367,TV Show,Action,1958,PG-13,2 Seasons,India"
"Title 1368,Movie,Thriller,1971,TV-MA,127 min,Australia"
"Title 1369,Movie,Documentary,1969,TV-14,2 Seasons,United Kingdom"
"Title 1370,TV Show,Sci-Fi,1982,TV-14,1 Seasons,United States"
"Title 1371,Movie,Drama,1956,TV-MA,1 Seasons,Canada"
"Title 1372,TV Show,Drama,1995,TV-MA,1 Seasons,Canada"
"Title 1373,Movie,Romance,1958,PG,170 min,United Kingdom"
"Title 1374,TV Show,Romance,2019,TV-14,159 min,India"
"Title 1375,TV Show,Action,1958,PG,104 min,Canada"
"Title 1376,Movie,Horror,2009,TV-PG,114 min,United Kingdom"
"Title 1377,Movie,Romance,1971,G,175 min,Japan"
"Title 1378,Movie,Comedy,1966,TV-MA,73 min,India"
"Title 1379,Movie,Documentary,1971,PG-13,1 Seasons,Canada"
"Title 1380,TV Show,Sci-Fi,1965,R,140 min,Japan"
"Title 1381,Movie,Comedy,1961,TV-PG,1 Seasons,Japan"
"Title 1382,Movie,Horror,2014,PG,139 min,Canada"
"Title 1383,TV Show,Sci-Fi,1954,R,119 min,Australia"
"Title 1384,Movie,Horror,2002,TV-MA,1 Seasons,Japan"
"Title 1385,Movie,Horror,1970,G,3 Seasons,Australia"
"Title 1386,Movie,Thriller,1956,PG,101 min,Australia"
"Title 1387,TV Show,Sci-Fi,1979,TV-PG,1 Seasons,Japan"
"Title 1388,TV Show,Horror,2008,TV-14,3 Seasons,United Kingdom"
"Title 1389,Movie,Action,1957,R,2 Seasons,South Korea"
"Title 1390,TV Show,Horror,1961,R,118 min,Germany"
"Title 1391,TV Show,Thriller,1991,R,66 min,India"
"Title 1392,Movie,Romance,1961,PG-13,93 min,Japan"
"Title 1393,TV Show,Horror,2003,R,2 Seasons,India"
"Title 1394,Movie,Thriller,2017,TV-MA,1 Seasons,Australia"
"Title 1395,Movie,Comedy,1991,PG-13,1 Seasons,United States"
"Title 1396,Movie,Sci-Fi,1972,PG-13,91 min,Germany"
"Title 1397,TV Show,Romance,1962,PG,1 Seasons,Japan"
"Title 1398,Movie,Action,1991,R,3 Seasons,United States"
"Title 1399,Movie,Thriller,2005,TV-PG,2 Seasons,India"
"Title 1400,Movie,Horror,1967,TV-PG,91 min,Canada"
"Title 1401,TV Show,Documentary,2008,R,2 Seasons,Canada"
"Title 1402,Movie,Sci-Fi,1964,PG,2 Seasons,United Kingdom"
"Title 1403,Movie,Drama,1967,TV-PG,3 Seasons,Germany"
"Title 1404,TV Show,Drama,1963,G,109 min,Canada"
"Title 1405,Movie,Drama,1960,TV-MA,124 min,South Korea"
"Title 1406,TV Show,Romance,1972,R,141 min,Canada"
"Title 1407,Movie,Romance,2019,G,2 Seasons,United Kingdom"
"Title 1408,Movie,Romance,1982,PG-13,3 Seasons,Japan"
"Title 1409,TV Show,Action,1973,TV-MA,162 min,Australia"
"Title 1410,Movie,Comedy,2022,TV-14,2 Seasons,United States"
"Title 1411,Movie,Comedy,2016,G,2 Seasons,Australia"
"Title 1412,TV Show,Action,2010,G,2 Seasons,India"
"Title 1413,TV Show,Horror,1968,TV-MA,132 min,South Korea"
"Title 1414,TV Show,Thriller,2009,PG,145 min,United States"
"Title 1415,TV Show,Sci-Fi,1967,TV-MA,1 Seasons,Australia"
"Title 1416,Movie,Drama,2020,TV-14,68 min,Australia"
"Title 1417,TV Show,Comedy,1964,PG-13,2 Seasons,United Kingdom"
"Title 1418,Movie,Horror,2012,PG-13,1 Seasons,United Kingdom"
"Title 1419,Movie,Comedy,2022,R,60 min,Australia"
"Title 1420,Movie,Romance,2016,TV-14,60 min,India"
"Title 1421,TV Show,Action,2018,R,2 Seasons,Australia"
"Title 1422,TV Show,Comedy,1972,PG,135 min,United Kingdom"
"Title 1423,TV Show,Romance,1981,PG,2 Seasons,United Kingdom"
"Title 1424,Movie,Horror,1972,PG,1 Seasons,India"
"Title 1425,TV Show,Thriller,2014,PG-13,96 min,United States"
"Title 1426,Movie,Horror,2002,TV-14,131 min,United Kingdom"
"Title 1427,Movie,Horror,1990,PG,90 min,Canada"
"Title 1428,TV Show,Action,1992,TV-14,136 min,South Korea"
"Title 1429,Movie,Documentary,1964,G,3 Seasons,United States"
"Title 1430,Movie,Action,1956,TV-14,1 Seasons,Canada"
"Title 1431,Movie,Documentary,2014,PG-13,139 min,Canada"
"Title 1432,TV Show,Comedy,1975,PG-13,164 min,South Korea"
"Title 1433,TV Show,Documentary,1978,R,3 Seasons,Japan"
"Title 1434,TV Show,Sci-Fi,1992,PG-13,134 min,United Kingdom"
"Title 1435,Movie,Drama,1954,TV-PG,2 Seasons,Australia"
"Title 1436,TV Show,Sci-Fi,2011,R,3 Seasons,Japan"
"Title 1437,Movie,Documentary,2001,R,156 min,India"
"Title 1438,Movie,Romance,1972,PG,77 min,Germany"
"Title 1439,TV Show,Action,1986,PG,115 min,United States"
"Title 1440,Movie,Horror,1962,TV-PG,136 min,Japan"
"Title 1441,TV Show,Sci-Fi,1985,R,128 min,South Korea"
"Title 1442,TV Show,Drama,1966,G,1 Seasons,Canada"
"Title 1443,TV Show,Sci-Fi,1986,PG-13,92 min,Germany"
"Title 1444,Movie,Drama,1956,R,173 min,Australia"
"Title 1445,TV Show,Comedy,2011,R,79 min,Australia"
"Title 1446,Movie,Action,1960,R,125 min,South Korea"
"Title 1447,Movie,Romance,2005,G,1 Seasons,Japan"
"Title 1448,Movie,Horror,2012,PG-13,1 Seasons,South Korea"
"Title 1449,Movie,Sci-Fi,1998,PG,1 Seasons,Australia"
"Title 1450,Movie,Comedy,1998,PG,2 Seasons,United States"
"Title 1451,Movie,Romance,2002,TV-MA,82 min,United Kingdom"
"Title 1452,TV Show,Drama,2005,PG,3 Seasons,South Korea"
"Title 1453,TV Show,Action,1976,TV-14,171 min,United States"
"Title 1454,TV Show,Romance,1989,TV-PG,2 Seasons,Germany"
"Title 1455,Movie,Horror,1961,TV-MA,173 min,Germany"
"Title 1456,Movie,Drama,1968,G,3 Seasons,Germany"
"Title 1457,Movie,Drama,1987,PG,117 min,Australia"
"Title 1458,TV Show,Thriller,2023,TV-14,109 min,Australia"
"Title 1459,Movie,Documentary,1983,R,1 Seasons,Canada"
"Title 1460,Movie,Sci-Fi,1975,R,3 Seasons,Germany"
"Title 1461,Movie,Thriller,1990,TV-PG,110 min,Japan"
"Title 1462,Movie,Documentary,1952,R,3 Seasons,United States"
"Title 1463,Movie,Thriller,1963,G,2 Seasons,Germany"
"Title 1464,Movie,Action,2016,R,77 min,Japan"
"Title 1465,Movie,Horror,1989,TV-MA,86 min,United Kingdom"
"Title 1466,Movie,Thriller,1980,PG,167 min,United States"
"Title 1467,Movie,Horror,1981,PG,97 min,South Korea"
"Title 1468,Movie,Horror,1991,PG,78 min,United States"
"Title 1469,TV Show,Thriller,1976,PG,2 Seasons,United States"
"Title 1470,Movie,Drama,2009,G,3 Seasons,Canada"
"Title 1471,Movie,Thriller,1976,TV-MA,3 Seasons,United Kingdom"
"Title 1472,TV Show,Action,1961,G,130 min,South Korea"
"Title 1473,Movie,Drama,2002,PG,114 min,Canada"
"Title 1474,Movie,Romance,1959,TV-MA,2 Seasons,Japan"
"Title 1475,Movie,Horror,1989,TV-MA,108 min,Australia"
"Title 1476,Movie,Thriller,1983,PG,1 Seasons,United Kingdom"
"Title 1477,TV Show,Action,2013,PG-13,99 min,Canada"
"Title 1478,TV Show,Sci-Fi,2010,TV-PG,81 min,Germany"
"Title 1479,TV Show,Romance,2018,TV-14,107 min,Australia"
"Title 1480,Movie,Horror,2022,PG-13,122 min,Germany"
"Title 1481,Movie,Thriller,1980,PG,113 min,India"
"Title 1482,TV Show,Documentary,1963,PG,136 min,United States"
"Title 1483,TV Show,Sci-Fi,1988,TV-14,1 Seasons,India"
"Title 1484,TV Show,Comedy,1987,TV-MA,2 Seasons,South Korea"
"Title 1485,TV Show,Thriller,1956,TV-PG,72 min,South Korea"
"Title 1486,TV Show,Sci-Fi,1959,TV-14,140 min,South Korea"
"Title 1487,Movie,Thriller,1996,PG,172 min,Germany"
"Title 1488,TV Show,Comedy,1986,PG-13,1 Seasons,United Kingdom"
"Title 1489,Movie,Drama,1973,TV-MA,3 Seasons,United States"
"Title 1490,Movie,Horror,2020,PG-13,129 min,United States"
"Title 1491,Movie,Romance,1964,TV-PG,1 Seasons,Germany"
"Title 1492,Movie,Documentary,1953,TV-14,163 min,Germany"
"Title 1493,Movie,Action,1981,PG,3 Seasons,United Kingdom"
"Title 1494,Movie,Thriller,2009,TV-PG,2 Seasons,South Korea"
"Title 1495,TV Show,Sci-Fi,2006,PG-13,2 Seasons,Germany"
"Title 1496,TV Show,Comedy,1984,PG-13,3 Seasons,United States"
"Title 1497,Movie,Drama,1953,TV-14,115 min,United Kingdom"
"Title 1498,TV Show,Sci-Fi,1968,R,91 min,India"
"Title 1499,Movie,Romance,1996,TV-PG,85 min,Japan"
"Title 1500,TV Show,Comedy,1990,TV-14,129 min,United States"
